Stand;RaumID;RaumName;AgeGroup;Overall;male;female;german;german_male;german_female;non_german;non_german_male;non_german_female
31.12.2019;010;Schleswig-Holstein;unter 3 Jahre;76706;39321;37385;67406;34509;32897;9300;4812;4488
31.12.2019;010;Schleswig-Holstein;3 bis unter 6 Jahre;78346;40000;38346;69225;35300;33925;9121;4700;4421
31.12.2019;010;Schleswig-Holstein;6 bis unter 10 Jahre;101670;52145;49525;91826;47056;44770;9844;5089;4755
31.12.2019;010;Schleswig-Holstein;10 bis unter 15 Jahre;131460;67588;63872;119341;61276;58065;12119;6312;5807
31.12.2019;010;Schleswig-Holstein;15 bis unter 18 Jahre;83728;43069;40659;77213;39557;37656;6515;3512;3003
31.12.2019;010;Schleswig-Holstein;18 bis unter 20 Jahre;60819;31410;29409;55172;28071;27101;5647;3339;2308
31.12.2019;010;Schleswig-Holstein;20 bis unter 25 Jahre;158042;83036;75006;136261;70222;66039;21781;12814;8967
31.12.2019;010;Schleswig-Holstein;25 bis unter 30 Jahre;161920;84556;77364;135434;69274;66160;26486;15282;11204
31.12.2019;010;Schleswig-Holstein;30 bis unter 35 Jahre;167868;86114;81754;141726;71310;70416;26142;14804;11338
31.12.2019;010;Schleswig-Holstein;35 bis unter 40 Jahre;168221;83069;85152;145001;70822;74179;23220;12247;10973
31.12.2019;010;Schleswig-Holstein;40 bis unter 45 Jahre;165485;81270;84215;143964;70207;73757;21521;11063;10458
31.12.2019;010;Schleswig-Holstein;45 bis unter 50 Jahre;186988;92243;94745;168059;82475;85584;18929;9768;9161
31.12.2019;010;Schleswig-Holstein;50 bis unter 55 Jahre;254271;125954;128317;239112;118101;121011;15159;7853;7306
31.12.2019;010;Schleswig-Holstein;55 bis unter 60 Jahre;241130;119131;121999;229772;113252;116520;11358;5879;5479
31.12.2019;010;Schleswig-Holstein;60 bis unter 65 Jahre;194566;94561;100005;186456;90566;95890;8110;3995;4115
31.12.2019;010;Schleswig-Holstein;65 bis unter 70 Jahre;168964;80755;88209;162620;78123;84497;6344;2632;3712
31.12.2019;010;Schleswig-Holstein;70 bis unter 75 Jahre;143614;67514;76100;138093;65151;72942;5521;2363;3158
31.12.2019;010;Schleswig-Holstein;75 bis unter 80 Jahre;152317;69594;82723;148623;67867;80756;3694;1727;1967
31.12.2019;010;Schleswig-Holstein;80 bis unter 85 Jahre;125518;53876;71642;123485;52812;70673;2033;1064;969
31.12.2019;010;Schleswig-Holstein;85 bis unter 90 Jahre;53324;19798;33526;52496;19429;33067;828;369;459
31.12.2019;010;Schleswig-Holstein;90 Jahre und mehr;28816;7879;20937;28319;7721;20598;497;158;339
31.12.2019;020;Hamburg;unter 3 Jahre;60938;31320;29618;52457;26952;25505;8481;4368;4113
31.12.2019;020;Hamburg;3 bis unter 6 Jahre;57337;29210;28127;48514;24778;23736;8823;4432;4391
31.12.2019;020;Hamburg;6 bis unter 10 Jahre;66823;34263;32560;57029;29216;27813;9794;5047;4747
31.12.2019;020;Hamburg;10 bis unter 15 Jahre;79536;41320;38216;68768;35645;33123;10768;5675;5093
31.12.2019;020;Hamburg;15 bis unter 18 Jahre;46252;23871;22381;40294;20680;19614;5958;3191;2767
31.12.2019;020;Hamburg;18 bis unter 20 Jahre;34140;17570;16570;29212;14826;14386;4928;2744;2184
31.12.2019;020;Hamburg;20 bis unter 25 Jahre;112172;56611;55561;87012;42442;44570;25160;14169;10991
31.12.2019;020;Hamburg;25 bis unter 30 Jahre;146039;72003;74036;111070;53291;57779;34969;18712;16257
31.12.2019;020;Hamburg;30 bis unter 35 Jahre;155763;77659;78104;120035;58299;61736;35728;19360;16368
31.12.2019;020;Hamburg;35 bis unter 40 Jahre;141809;70460;71349;110740;53875;56865;31069;16585;14484
31.12.2019;020;Hamburg;40 bis unter 45 Jahre;124554;62432;62122;96283;47486;48797;28271;14946;13325
31.12.2019;020;Hamburg;45 bis unter 50 Jahre;120743;60794;59949;94989;47251;47738;25754;13543;12211
31.12.2019;020;Hamburg;50 bis unter 55 Jahre;140413;71220;69193;119519;59987;59532;20894;11233;9661
31.12.2019;020;Hamburg;55 bis unter 60 Jahre;126531;63108;63423;110433;54425;56008;16098;8683;7415
31.12.2019;020;Hamburg;60 bis unter 65 Jahre;97844;47548;50296;86505;41689;44816;11339;5859;5480
31.12.2019;020;Hamburg;65 bis unter 70 Jahre;80730;37359;43371;71575;33321;38254;9155;4038;5117
31.12.2019;020;Hamburg;70 bis unter 75 Jahre;71865;33014;38851;63814;29168;34646;8051;3846;4205
31.12.2019;020;Hamburg;75 bis unter 80 Jahre;76055;33845;42210;70979;31239;39740;5076;2606;2470
31.12.2019;020;Hamburg;80 bis unter 85 Jahre;62170;25573;36597;59066;23961;35105;3104;1612;1492
31.12.2019;020;Hamburg;85 bis unter 90 Jahre;28387;10097;18290;27024;9425;17599;1363;672;691
31.12.2019;020;Hamburg;90 Jahre und mehr;17152;4697;12455;16314;4388;11926;838;309;529
31.12.2019;031;Braunschweig, Stat. Region;unter 3 Jahre;43702;22311;21391;38372;19563;18809;5330;2748;2582
31.12.2019;031;Braunschweig, Stat. Region;3 bis unter 6 Jahre;43575;22300;21275;38309;19630;18679;5266;2670;2596
31.12.2019;031;Braunschweig, Stat. Region;6 bis unter 10 Jahre;53714;27536;26178;47761;24404;23357;5953;3132;2821
31.12.2019;031;Braunschweig, Stat. Region;10 bis unter 15 Jahre;68708;35537;33171;62041;32018;30023;6667;3519;3148
31.12.2019;031;Braunschweig, Stat. Region;15 bis unter 18 Jahre;43475;22406;21069;39616;20298;19318;3859;2108;1751
31.12.2019;031;Braunschweig, Stat. Region;18 bis unter 20 Jahre;32681;17089;15592;29491;15238;14253;3190;1851;1339
31.12.2019;031;Braunschweig, Stat. Region;20 bis unter 25 Jahre;93162;49805;43357;77364;40597;36767;15798;9208;6590
31.12.2019;031;Braunschweig, Stat. Region;25 bis unter 30 Jahre;98833;52597;46236;80125;42012;38113;18708;10585;8123
31.12.2019;031;Braunschweig, Stat. Region;30 bis unter 35 Jahre;99305;51803;47502;82885;42822;40063;16420;8981;7439
31.12.2019;031;Braunschweig, Stat. Region;35 bis unter 40 Jahre;94196;47833;46363;80546;40915;39631;13650;6918;6732
31.12.2019;031;Braunschweig, Stat. Region;40 bis unter 45 Jahre;88302;44119;44183;75899;37926;37973;12403;6193;6210
31.12.2019;031;Braunschweig, Stat. Region;45 bis unter 50 Jahre;99224;49357;49867;87761;43642;44119;11463;5715;5748
31.12.2019;031;Braunschweig, Stat. Region;50 bis unter 55 Jahre;130462;65726;64736;121016;60867;60149;9446;4859;4587
31.12.2019;031;Braunschweig, Stat. Region;55 bis unter 60 Jahre;130674;65153;65521;123649;61524;62125;7025;3629;3396
31.12.2019;031;Braunschweig, Stat. Region;60 bis unter 65 Jahre;110425;54877;55548;105492;52397;53095;4933;2480;2453
31.12.2019;031;Braunschweig, Stat. Region;65 bis unter 70 Jahre;94983;45864;49119;91040;44127;46913;3943;1737;2206
31.12.2019;031;Braunschweig, Stat. Region;70 bis unter 75 Jahre;74066;35212;38854;70461;33447;37014;3605;1765;1840
31.12.2019;031;Braunschweig, Stat. Region;75 bis unter 80 Jahre;77854;35239;42615;75368;33943;41425;2486;1296;1190
31.12.2019;031;Braunschweig, Stat. Region;80 bis unter 85 Jahre;67778;28566;39212;66259;27684;38575;1519;882;637
31.12.2019;031;Braunschweig, Stat. Region;85 bis unter 90 Jahre;32096;11772;20324;31569;11508;20061;527;264;263
31.12.2019;031;Braunschweig, Stat. Region;90 Jahre und mehr;17714;4777;12937;17485;4693;12792;229;84;145
31.12.2019;032;Hannover, Stat. Region;unter 3 Jahre;59125;30268;28857;51131;26177;24954;7994;4091;3903
31.12.2019;032;Hannover, Stat. Region;3 bis unter 6 Jahre;59789;30567;29222;51187;26158;25029;8602;4409;4193
31.12.2019;032;Hannover, Stat. Region;6 bis unter 10 Jahre;74983;38472;36511;64620;33165;31455;10363;5307;5056
31.12.2019;032;Hannover, Stat. Region;10 bis unter 15 Jahre;95949;49084;46865;84369;43036;41333;11580;6048;5532
31.12.2019;032;Hannover, Stat. Region;15 bis unter 18 Jahre;60522;31257;29265;53820;27676;26144;6702;3581;3121
31.12.2019;032;Hannover, Stat. Region;18 bis unter 20 Jahre;44072;22746;21326;38648;19648;19000;5424;3098;2326
31.12.2019;032;Hannover, Stat. Region;20 bis unter 25 Jahre;123061;63906;59155;100959;51061;49898;22102;12845;9257
31.12.2019;032;Hannover, Stat. Region;25 bis unter 30 Jahre;130638;67927;62711;104552;52917;51635;26086;15010;11076
31.12.2019;032;Hannover, Stat. Region;30 bis unter 35 Jahre;131619;67380;64239;106828;53865;52963;24791;13515;11276
31.12.2019;032;Hannover, Stat. Region;35 bis unter 40 Jahre;128537;63996;64541;106272;52762;53510;22265;11234;11031
31.12.2019;032;Hannover, Stat. Region;40 bis unter 45 Jahre;122804;60773;62031;101416;50267;51149;21388;10506;10882
31.12.2019;032;Hannover, Stat. Region;45 bis unter 50 Jahre;136340;67758;68582;116542;57884;58658;19798;9874;9924
31.12.2019;032;Hannover, Stat. Region;50 bis unter 55 Jahre;179598;90161;89437;163082;81672;81410;16516;8489;8027
31.12.2019;032;Hannover, Stat. Region;55 bis unter 60 Jahre;174253;87280;86973;161658;80695;80963;12595;6585;6010
31.12.2019;032;Hannover, Stat. Region;60 bis unter 65 Jahre;144560;71200;73360;135614;66684;68930;8946;4516;4430
31.12.2019;032;Hannover, Stat. Region;65 bis unter 70 Jahre;123035;58759;64276;115814;55661;60153;7221;3098;4123
31.12.2019;032;Hannover, Stat. Region;70 bis unter 75 Jahre;97964;45828;52136;91410;42808;48602;6554;3020;3534
31.12.2019;032;Hannover, Stat. Region;75 bis unter 80 Jahre;103918;46232;57686;99571;44056;55515;4347;2176;2171
31.12.2019;032;Hannover, Stat. Region;80 bis unter 85 Jahre;91105;38037;53068;88018;36481;51537;3087;1556;1531
31.12.2019;032;Hannover, Stat. Region;85 bis unter 90 Jahre;42739;15441;27298;41547;14891;26656;1192;550;642
31.12.2019;032;Hannover, Stat. Region;90 Jahre und mehr;23627;6333;17294;23148;6150;16998;479;183;296
31.12.2019;033;L�neburg, Stat. Region;unter 3 Jahre;47403;24423;22980;42961;22152;20809;4442;2271;2171
31.12.2019;033;L�neburg, Stat. Region;3 bis unter 6 Jahre;48548;25140;23408;43701;22632;21069;4847;2508;2339
31.12.2019;033;L�neburg, Stat. Region;6 bis unter 10 Jahre;62127;32030;30097;56241;28919;27322;5886;3111;2775
31.12.2019;033;L�neburg, Stat. Region;10 bis unter 15 Jahre;80522;41447;39075;73848;37927;35921;6674;3520;3154
31.12.2019;033;L�neburg, Stat. Region;15 bis unter 18 Jahre;52050;26685;25365;48222;24628;23594;3828;2057;1771
31.12.2019;033;L�neburg, Stat. Region;18 bis unter 20 Jahre;36704;19149;17555;33588;17317;16271;3116;1832;1284
31.12.2019;033;L�neburg, Stat. Region;20 bis unter 25 Jahre;89008;47744;41264;77807;40952;36855;11201;6792;4409
31.12.2019;033;L�neburg, Stat. Region;25 bis unter 30 Jahre;88462;46977;41485;75690;39292;36398;12772;7685;5087
31.12.2019;033;L�neburg, Stat. Region;30 bis unter 35 Jahre;96473;49553;46920;83647;42191;41456;12826;7362;5464
31.12.2019;033;L�neburg, Stat. Region;35 bis unter 40 Jahre;98271;48554;49717;86398;42312;44086;11873;6242;5631
31.12.2019;033;L�neburg, Stat. Region;40 bis unter 45 Jahre;96934;48067;48867;85690;42194;43496;11244;5873;5371
31.12.2019;033;L�neburg, Stat. Region;45 bis unter 50 Jahre;112411;55430;56981;102353;50217;52136;10058;5213;4845
31.12.2019;033;L�neburg, Stat. Region;50 bis unter 55 Jahre;149577;74123;75454;141400;69768;71632;8177;4355;3822
31.12.2019;033;L�neburg, Stat. Region;55 bis unter 60 Jahre;145428;72190;73238;139252;68860;70392;6176;3330;2846
31.12.2019;033;L�neburg, Stat. Region;60 bis unter 65 Jahre;118962;58372;60590;114650;56121;58529;4312;2251;2061
31.12.2019;033;L�neburg, Stat. Region;65 bis unter 70 Jahre;104927;50472;54455;101774;49008;52766;3153;1464;1689
31.12.2019;033;L�neburg, Stat. Region;70 bis unter 75 Jahre;83934;40194;43740;81608;39068;42540;2326;1126;1200
31.12.2019;033;L�neburg, Stat. Region;75 bis unter 80 Jahre;85492;39610;45882;84099;38908;45191;1393;702;691
31.12.2019;033;L�neburg, Stat. Region;80 bis unter 85 Jahre;70612;30399;40213;69817;30041;39776;795;358;437
31.12.2019;033;L�neburg, Stat. Region;85 bis unter 90 Jahre;31526;11514;20012;31162;11350;19812;364;164;200
31.12.2019;033;L�neburg, Stat. Region;90 Jahre und mehr;17077;4615;12462;16895;4558;12337;182;57;125
31.12.2019;034;Weser-Ems, Stat. Region;unter 3 Jahre;74063;37818;36245;64414;32863;31551;9649;4955;4694
31.12.2019;034;Weser-Ems, Stat. Region;3 bis unter 6 Jahre;72783;37484;35299;62841;32363;30478;9942;5121;4821
31.12.2019;034;Weser-Ems, Stat. Region;6 bis unter 10 Jahre;91992;47207;44785;80580;41244;39336;11412;5963;5449
31.12.2019;034;Weser-Ems, Stat. Region;10 bis unter 15 Jahre;120226;62196;58030;107108;55367;51741;13118;6829;6289
31.12.2019;034;Weser-Ems, Stat. Region;15 bis unter 18 Jahre;78786;40357;38429;71672;36572;35100;7114;3785;3329
31.12.2019;034;Weser-Ems, Stat. Region;18 bis unter 20 Jahre;57940;30200;27740;52016;26761;25255;5924;3439;2485
31.12.2019;034;Weser-Ems, Stat. Region;20 bis unter 25 Jahre;155160;81298;73862;132215;67776;64439;22945;13522;9423
31.12.2019;034;Weser-Ems, Stat. Region;25 bis unter 30 Jahre;157720;82844;74876;131827;67828;63999;25893;15016;10877
31.12.2019;034;Weser-Ems, Stat. Region;30 bis unter 35 Jahre;156366;81050;75316;130972;66512;64460;25394;14538;10856
31.12.2019;034;Weser-Ems, Stat. Region;35 bis unter 40 Jahre;146538;74399;72139;124030;62110;61920;22508;12289;10219
31.12.2019;034;Weser-Ems, Stat. Region;40 bis unter 45 Jahre;142310;71540;70770;120608;59819;60789;21702;11721;9981
31.12.2019;034;Weser-Ems, Stat. Region;45 bis unter 50 Jahre;165412;82257;83155;145459;71428;74031;19953;10829;9124
31.12.2019;034;Weser-Ems, Stat. Region;50 bis unter 55 Jahre;211292;106491;104801;195141;97414;97727;16151;9077;7074
31.12.2019;034;Weser-Ems, Stat. Region;55 bis unter 60 Jahre;204968;102118;102850;193675;95751;97924;11293;6367;4926
31.12.2019;034;Weser-Ems, Stat. Region;60 bis unter 65 Jahre;169825;83560;86265;161896;79308;82588;7929;4252;3677
31.12.2019;034;Weser-Ems, Stat. Region;65 bis unter 70 Jahre;146220;71027;75193;140397;68324;72073;5823;2703;3120
31.12.2019;034;Weser-Ems, Stat. Region;70 bis unter 75 Jahre;112957;54565;58392;107954;51976;55978;5003;2589;2414
31.12.2019;034;Weser-Ems, Stat. Region;75 bis unter 80 Jahre;109341;49984;59357;106355;48351;58004;2986;1633;1353
31.12.2019;034;Weser-Ems, Stat. Region;80 bis unter 85 Jahre;93588;39296;54292;92120;38526;53594;1468;770;698
31.12.2019;034;Weser-Ems, Stat. Region;85 bis unter 90 Jahre;44005;15912;28093;43402;15593;27809;603;319;284
31.12.2019;034;Weser-Ems, Stat. Region;90 Jahre und mehr;22501;5996;16505;22193;5880;16313;308;116;192
31.12.2019;040;Bremen;unter 3 Jahre;20737;10775;9962;15947;8285;7662;4790;2490;2300
31.12.2019;040;Bremen;3 bis unter 6 Jahre;19639;10186;9453;14795;7688;7107;4844;2498;2346
31.12.2019;040;Bremen;6 bis unter 10 Jahre;23255;11965;11290;17851;9185;8666;5404;2780;2624
31.12.2019;040;Bremen;10 bis unter 15 Jahre;29612;15386;14226;23766;12313;11453;5846;3073;2773
31.12.2019;040;Bremen;15 bis unter 18 Jahre;17727;9142;8585;14551;7426;7125;3176;1716;1460
31.12.2019;040;Bremen;18 bis unter 20 Jahre;14180;7448;6732;11172;5695;5477;3008;1753;1255
31.12.2019;040;Bremen;20 bis unter 25 Jahre;45010;23688;21322;32402;16075;16327;12608;7613;4995
31.12.2019;040;Bremen;25 bis unter 30 Jahre;49087;25681;23406;35708;18184;17524;13379;7497;5882
31.12.2019;040;Bremen;30 bis unter 35 Jahre;48848;25278;23570;35091;17837;17254;13757;7441;6316
31.12.2019;040;Bremen;35 bis unter 40 Jahre;43999;22574;21425;32026;16250;15776;11973;6324;5649
31.12.2019;040;Bremen;40 bis unter 45 Jahre;39805;20292;19513;28961;14625;14336;10844;5667;5177
31.12.2019;040;Bremen;45 bis unter 50 Jahre;41595;21108;20487;32119;16148;15971;9476;4960;4516
31.12.2019;040;Bremen;50 bis unter 55 Jahre;51743;26440;25303;44003;22226;21777;7740;4214;3526
31.12.2019;040;Bremen;55 bis unter 60 Jahre;49771;24749;25022;44058;21661;22397;5713;3088;2625
31.12.2019;040;Bremen;60 bis unter 65 Jahre;42241;20348;21893;38266;18358;19908;3975;1990;1985
31.12.2019;040;Bremen;65 bis unter 70 Jahre;36345;16900;19445;33300;15655;17645;3045;1245;1800
31.12.2019;040;Bremen;70 bis unter 75 Jahre;30879;14264;16615;28081;12980;15101;2798;1284;1514
31.12.2019;040;Bremen;75 bis unter 80 Jahre;31207;13993;17214;29332;13015;16317;1875;978;897
31.12.2019;040;Bremen;80 bis unter 85 Jahre;26301;10662;15639;25206;10132;15074;1095;530;565
31.12.2019;040;Bremen;85 bis unter 90 Jahre;12172;4243;7929;11658;4020;7638;514;223;291
31.12.2019;040;Bremen;90 Jahre und mehr;7049;1879;5170;6712;1764;4948;337;115;222
31.12.2019;051;D�sseldorf, Regierungsbezirk;unter 3 Jahre;151058;77951;73107;124743;64326;60417;26315;13625;12690
31.12.2019;051;D�sseldorf, Regierungsbezirk;3 bis unter 6 Jahre;150019;76994;73025;122998;63056;59942;27021;13938;13083
31.12.2019;051;D�sseldorf, Regierungsbezirk;6 bis unter 10 Jahre;184853;95150;89703;152460;77928;74532;32393;17222;15171
31.12.2019;051;D�sseldorf, Regierungsbezirk;10 bis unter 15 Jahre;233622;119932;113690;199711;101880;97831;33911;18052;15859
31.12.2019;051;D�sseldorf, Regierungsbezirk;15 bis unter 18 Jahre;144240;74421;69819;126034;64622;61412;18206;9799;8407
31.12.2019;051;D�sseldorf, Regierungsbezirk;18 bis unter 20 Jahre;101420;52568;48852;86993;44327;42666;14427;8241;6186
31.12.2019;051;D�sseldorf, Regierungsbezirk;20 bis unter 25 Jahre;282280;146462;135818;217492;110461;107031;64788;36001;28787
31.12.2019;051;D�sseldorf, Regierungsbezirk;25 bis unter 30 Jahre;327461;166523;160938;245739;122315;123424;81722;44208;37514
31.12.2019;051;D�sseldorf, Regierungsbezirk;30 bis unter 35 Jahre;338167;170811;167356;254332;126470;127862;83835;44341;39494
31.12.2019;051;D�sseldorf, Regierungsbezirk;35 bis unter 40 Jahre;323204;161338;161866;243793;120608;123185;79411;40730;38681
31.12.2019;051;D�sseldorf, Regierungsbezirk;40 bis unter 45 Jahre;302475;149356;153119;227274;111393;115881;75201;37963;37238
31.12.2019;051;D�sseldorf, Regierungsbezirk;45 bis unter 50 Jahre;331529;164439;167090;259749;128307;131442;71780;36132;35648
31.12.2019;051;D�sseldorf, Regierungsbezirk;50 bis unter 55 Jahre;431805;216068;215737;372995;185683;187312;58810;30385;28425
31.12.2019;051;D�sseldorf, Regierungsbezirk;55 bis unter 60 Jahre;421573;210279;211294;376795;187116;189679;44778;23163;21615
31.12.2019;051;D�sseldorf, Regierungsbezirk;60 bis unter 65 Jahre;353237;172390;180847;321268;156496;164772;31969;15894;16075
31.12.2019;051;D�sseldorf, Regierungsbezirk;65 bis unter 70 Jahre;294048;137782;156266;267743;126902;140841;26305;10880;15425
31.12.2019;051;D�sseldorf, Regierungsbezirk;70 bis unter 75 Jahre;233872;107148;126724;209126;95351;113775;24746;11797;12949
31.12.2019;051;D�sseldorf, Regierungsbezirk;75 bis unter 80 Jahre;238253;104196;134057;221417;95342;126075;16836;8854;7982
31.12.2019;051;D�sseldorf, Regierungsbezirk;80 bis unter 85 Jahre;209072;85825;123247;198718;80215;118503;10354;5610;4744
31.12.2019;051;D�sseldorf, Regierungsbezirk;85 bis unter 90 Jahre;102228;37281;64947;98204;35221;62983;4024;2060;1964
31.12.2019;051;D�sseldorf, Regierungsbezirk;90 Jahre und mehr;53041;14359;38682;51439;13793;37646;1602;566;1036
31.12.2019;053;K�ln, Regierungsbezirk;unter 3 Jahre;130076;66759;63317;113894;58420;55474;16182;8339;7843
31.12.2019;053;K�ln, Regierungsbezirk;3 bis unter 6 Jahre;129170;66476;62694;111394;57178;54216;17776;9298;8478
31.12.2019;053;K�ln, Regierungsbezirk;6 bis unter 10 Jahre;160954;83070;77884;139933;71956;67977;21021;11114;9907
31.12.2019;053;K�ln, Regierungsbezirk;10 bis unter 15 Jahre;203064;104906;98158;179507;92433;87074;23557;12473;11084
31.12.2019;053;K�ln, Regierungsbezirk;15 bis unter 18 Jahre;126213;65304;60909;112510;57841;54669;13703;7463;6240
31.12.2019;053;K�ln, Regierungsbezirk;18 bis unter 20 Jahre;93929;49069;44860;81566;42035;39531;12363;7034;5329
31.12.2019;053;K�ln, Regierungsbezirk;20 bis unter 25 Jahre;276492;144455;132037;219564;112000;107564;56928;32455;24473
31.12.2019;053;K�ln, Regierungsbezirk;25 bis unter 30 Jahre;301521;154728;146793;235744;118198;117546;65777;36530;29247
31.12.2019;053;K�ln, Regierungsbezirk;30 bis unter 35 Jahre;297775;150093;147682;234963;116677;118286;62812;33416;29396
31.12.2019;053;K�ln, Regierungsbezirk;35 bis unter 40 Jahre;285284;141151;144133;226604;111893;114711;58680;29258;29422
31.12.2019;053;K�ln, Regierungsbezirk;40 bis unter 45 Jahre;266424;130552;135872;209948;103125;106823;56476;27427;29049
31.12.2019;053;K�ln, Regierungsbezirk;45 bis unter 50 Jahre;285685;140830;144855;232156;114945;117211;53529;25885;27644
31.12.2019;053;K�ln, Regierungsbezirk;50 bis unter 55 Jahre;368400;183756;184644;323676;161167;162509;44724;22589;22135
31.12.2019;053;K�ln, Regierungsbezirk;55 bis unter 60 Jahre;354520;176482;178038;320306;158969;161337;34214;17513;16701
31.12.2019;053;K�ln, Regierungsbezirk;60 bis unter 65 Jahre;291303;142753;148550;265955;130218;135737;25348;12535;12813
31.12.2019;053;K�ln, Regierungsbezirk;65 bis unter 70 Jahre;240804;112981;127823;220261;104599;115662;20543;8382;12161
31.12.2019;053;K�ln, Regierungsbezirk;70 bis unter 75 Jahre;190182;87852;102330;170663;78958;91705;19519;8894;10625
31.12.2019;053;K�ln, Regierungsbezirk;75 bis unter 80 Jahre;193056;86181;106875;179171;78820;100351;13885;7361;6524
31.12.2019;053;K�ln, Regierungsbezirk;80 bis unter 85 Jahre;165245;70156;95089;156551;65307;91244;8694;4849;3845
31.12.2019;053;K�ln, Regierungsbezirk;85 bis unter 90 Jahre;78436;29558;48878;74964;27758;47206;3472;1800;1672
31.12.2019;053;K�ln, Regierungsbezirk;90 Jahre und mehr;40314;11198;29116;38915;10707;28208;1399;491;908
31.12.2019;055;M�nster, Regierungsbezirk;unter 3 Jahre;77031;39473;37558;66338;33998;32340;10693;5475;5218
31.12.2019;055;M�nster, Regierungsbezirk;3 bis unter 6 Jahre;75786;39022;36764;64609;33193;31416;11177;5829;5348
31.12.2019;055;M�nster, Regierungsbezirk;6 bis unter 10 Jahre;94611;48813;45798;81628;41923;39705;12983;6890;6093
31.12.2019;055;M�nster, Regierungsbezirk;10 bis unter 15 Jahre;121966;63097;58869;107988;55622;52366;13978;7475;6503
31.12.2019;055;M�nster, Regierungsbezirk;15 bis unter 18 Jahre;78968;40648;38320;71147;36432;34715;7821;4216;3605
31.12.2019;055;M�nster, Regierungsbezirk;18 bis unter 20 Jahre;58115;30086;28029;51956;26556;25400;6159;3530;2629
31.12.2019;055;M�nster, Regierungsbezirk;20 bis unter 25 Jahre;158413;82065;76348;133186;67804;65382;25227;14261;10966
31.12.2019;055;M�nster, Regierungsbezirk;25 bis unter 30 Jahre;161975;83953;78022;132986;67903;65083;28989;16050;12939
31.12.2019;055;M�nster, Regierungsbezirk;30 bis unter 35 Jahre;160536;82229;78307;132099;66694;65405;28437;15535;12902
31.12.2019;055;M�nster, Regierungsbezirk;35 bis unter 40 Jahre;155587;78268;77319;128456;64205;64251;27131;14063;13068
31.12.2019;055;M�nster, Regierungsbezirk;40 bis unter 45 Jahre;149481;74696;74785;122798;61015;61783;26683;13681;13002
31.12.2019;055;M�nster, Regierungsbezirk;45 bis unter 50 Jahre;168259;83541;84718;142948;70572;72376;25311;12969;12342
31.12.2019;055;M�nster, Regierungsbezirk;50 bis unter 55 Jahre;220234;110417;109817;200742;99944;100798;19492;10473;9019
31.12.2019;055;M�nster, Regierungsbezirk;55 bis unter 60 Jahre;216023;107368;108655;202384;100178;102206;13639;7190;6449
31.12.2019;055;M�nster, Regierungsbezirk;60 bis unter 65 Jahre;183346;89954;93392;173620;85057;88563;9726;4897;4829
31.12.2019;055;M�nster, Regierungsbezirk;65 bis unter 70 Jahre;151472;72531;78941;143579;69293;74286;7893;3238;4655
31.12.2019;055;M�nster, Regierungsbezirk;70 bis unter 75 Jahre;112264;53242;59022;104317;49346;54971;7947;3896;4051
31.12.2019;055;M�nster, Regierungsbezirk;75 bis unter 80 Jahre;108122;48370;59752;102705;45241;57464;5417;3129;2288
31.12.2019;055;M�nster, Regierungsbezirk;80 bis unter 85 Jahre;96916;39219;57697;94393;37829;56564;2523;1390;1133
31.12.2019;055;M�nster, Regierungsbezirk;85 bis unter 90 Jahre;49206;17346;31860;48257;16864;31393;949;482;467
31.12.2019;055;M�nster, Regierungsbezirk;90 Jahre und mehr;26314;6852;19462;25923;6710;19213;391;142;249
31.12.2019;057;Detmold, Regierungsbezirk;unter 3 Jahre;60233;31098;29135;52727;27235;25492;7506;3863;3643
31.12.2019;057;Detmold, Regierungsbezirk;3 bis unter 6 Jahre;60360;31030;29330;52670;27033;25637;7690;3997;3693
31.12.2019;057;Detmold, Regierungsbezirk;6 bis unter 10 Jahre;76671;39272;37399;67264;34411;32853;9407;4861;4546
31.12.2019;057;Detmold, Regierungsbezirk;10 bis unter 15 Jahre;99618;51283;48335;89333;45878;43455;10285;5405;4880
31.12.2019;057;Detmold, Regierungsbezirk;15 bis unter 18 Jahre;63463;32963;30500;57833;29938;27895;5630;3025;2605
31.12.2019;057;Detmold, Regierungsbezirk;18 bis unter 20 Jahre;46083;23928;22155;41099;21059;20040;4984;2869;2115
31.12.2019;057;Detmold, Regierungsbezirk;20 bis unter 25 Jahre;122206;64155;58051;103344;53098;50246;18862;11057;7805
31.12.2019;057;Detmold, Regierungsbezirk;25 bis unter 30 Jahre;125430;66065;59365;103553;53638;49915;21877;12427;9450
31.12.2019;057;Detmold, Regierungsbezirk;30 bis unter 35 Jahre;127086;65799;61287;105008;54007;51001;22078;11792;10286
31.12.2019;057;Detmold, Regierungsbezirk;35 bis unter 40 Jahre;121854;61545;60309;101901;51464;50437;19953;10081;9872
31.12.2019;057;Detmold, Regierungsbezirk;40 bis unter 45 Jahre;116214;57639;58575;96682;47971;48711;19532;9668;9864
31.12.2019;057;Detmold, Regierungsbezirk;45 bis unter 50 Jahre;130560;64476;66084;112195;55220;56975;18365;9256;9109
31.12.2019;057;Detmold, Regierungsbezirk;50 bis unter 55 Jahre;167270;84081;83189;152928;76445;76483;14342;7636;6706
31.12.2019;057;Detmold, Regierungsbezirk;55 bis unter 60 Jahre;166614;82978;83636;156343;77579;78764;10271;5399;4872
31.12.2019;057;Detmold, Regierungsbezirk;60 bis unter 65 Jahre;141096;69731;71365;133659;65857;67802;7437;3874;3563
31.12.2019;057;Detmold, Regierungsbezirk;65 bis unter 70 Jahre;114821;55125;59696;108750;52468;56282;6071;2657;3414
31.12.2019;057;Detmold, Regierungsbezirk;70 bis unter 75 Jahre;84879;39835;45044;79612;37328;42284;5267;2507;2760
31.12.2019;057;Detmold, Regierungsbezirk;75 bis unter 80 Jahre;87275;39045;48230;83787;37136;46651;3488;1909;1579
31.12.2019;057;Detmold, Regierungsbezirk;80 bis unter 85 Jahre;81155;33309;47846;79183;32311;46872;1972;998;974
31.12.2019;057;Detmold, Regierungsbezirk;85 bis unter 90 Jahre;40481;14699;25782;39722;14321;25401;759;378;381
31.12.2019;057;Detmold, Regierungsbezirk;90 Jahre und mehr;22355;6053;16302;22019;5923;16096;336;130;206
31.12.2019;059;Arnsberg, Regierungsbezirk;unter 3 Jahre;100953;51741;49212;84664;43434;41230;16289;8307;7982
31.12.2019;059;Arnsberg, Regierungsbezirk;3 bis unter 6 Jahre;99436;50907;48529;83151;42466;40685;16285;8441;7844
31.12.2019;059;Arnsberg, Regierungsbezirk;6 bis unter 10 Jahre;123751;63754;59997;104461;53529;50932;19290;10225;9065
31.12.2019;059;Arnsberg, Regierungsbezirk;10 bis unter 15 Jahre;159549;82490;77059;139069;71564;67505;20480;10926;9554
31.12.2019;059;Arnsberg, Regierungsbezirk;15 bis unter 18 Jahre;102455;52879;49576;91431;46758;44673;11024;6121;4903
31.12.2019;059;Arnsberg, Regierungsbezirk;18 bis unter 20 Jahre;74484;39118;35366;65427;33891;31536;9057;5227;3830
31.12.2019;059;Arnsberg, Regierungsbezirk;20 bis unter 25 Jahre;207741;109830;97911;165445;85165;80280;42296;24665;17631
31.12.2019;059;Arnsberg, Regierungsbezirk;25 bis unter 30 Jahre;224281;118139;106142;176179;90572;85607;48102;27567;20535
31.12.2019;059;Arnsberg, Regierungsbezirk;30 bis unter 35 Jahre;221683;114477;107206;175421;89262;86159;46262;25215;21047
31.12.2019;059;Arnsberg, Regierungsbezirk;35 bis unter 40 Jahre;213079;107735;105344;169036;85327;83709;44043;22408;21635
31.12.2019;059;Arnsberg, Regierungsbezirk;40 bis unter 45 Jahre;202200;100492;101708;159139;78882;80257;43061;21610;21451
31.12.2019;059;Arnsberg, Regierungsbezirk;45 bis unter 50 Jahre;226049;112476;113573;185026;91907;93119;41023;20569;20454
31.12.2019;059;Arnsberg, Regierungsbezirk;50 bis unter 55 Jahre;295659;148476;147183;262930;131374;131556;32729;17102;15627
31.12.2019;059;Arnsberg, Regierungsbezirk;55 bis unter 60 Jahre;292522;146311;146211;268430;133613;134817;24092;12698;11394
31.12.2019;059;Arnsberg, Regierungsbezirk;60 bis unter 65 Jahre;250426;122770;127656;233057;114052;119005;17369;8718;8651
31.12.2019;059;Arnsberg, Regierungsbezirk;65 bis unter 70 Jahre;210795;99770;111025;196440;93730;102710;14355;6040;8315
31.12.2019;059;Arnsberg, Regierungsbezirk;70 bis unter 75 Jahre;160936;74698;86238;146954;67893;79061;13982;6805;7177
31.12.2019;059;Arnsberg, Regierungsbezirk;75 bis unter 80 Jahre;162617;71634;90983;153288;66452;86836;9329;5182;4147
31.12.2019;059;Arnsberg, Regierungsbezirk;80 bis unter 85 Jahre;144517;58818;85699;139289;55943;83346;5228;2875;2353
31.12.2019;059;Arnsberg, Regierungsbezirk;85 bis unter 90 Jahre;70308;24844;45464;68467;23869;44598;1841;975;866
31.12.2019;059;Arnsberg, Regierungsbezirk;90 Jahre und mehr;37127;9733;27394;36422;9474;26948;705;259;446
31.12.2019;064;Darmstadt, Regierungsbezirk;unter 3 Jahre;121766;62491;59275;99789;51128;48661;21977;11363;10614
31.12.2019;064;Darmstadt, Regierungsbezirk;3 bis unter 6 Jahre;120070;61534;58536;97973;50015;47958;22097;11519;10578
31.12.2019;064;Darmstadt, Regierungsbezirk;6 bis unter 10 Jahre;149634;76617;73017;122426;62565;59861;27208;14052;13156
31.12.2019;064;Darmstadt, Regierungsbezirk;10 bis unter 15 Jahre;186623;95793;90830;158016;80841;77175;28607;14952;13655
31.12.2019;064;Darmstadt, Regierungsbezirk;15 bis unter 18 Jahre;112398;58239;54159;96516;49703;46813;15882;8536;7346
31.12.2019;064;Darmstadt, Regierungsbezirk;18 bis unter 20 Jahre;78986;41450;37536;66406;34327;32079;12580;7123;5457
31.12.2019;064;Darmstadt, Regierungsbezirk;20 bis unter 25 Jahre;225317;119033;106284;164702;85042;79660;60615;33991;26624
31.12.2019;064;Darmstadt, Regierungsbezirk;25 bis unter 30 Jahre;256859;131164;125695;178003;89576;88427;78856;41588;37268
31.12.2019;064;Darmstadt, Regierungsbezirk;30 bis unter 35 Jahre;273493;138373;135120;189304;94490;94814;84189;43883;40306
31.12.2019;064;Darmstadt, Regierungsbezirk;35 bis unter 40 Jahre;270415;133569;136846;190740;93654;97086;79675;39915;39760
31.12.2019;064;Darmstadt, Regierungsbezirk;40 bis unter 45 Jahre;258541;127695;130846;181677;89199;92478;76864;38496;38368
31.12.2019;064;Darmstadt, Regierungsbezirk;45 bis unter 50 Jahre;270426;135326;135100;197619;98673;98946;72807;36653;36154
31.12.2019;064;Darmstadt, Regierungsbezirk;50 bis unter 55 Jahre;331301;167508;163793;270267;136310;133957;61034;31198;29836
31.12.2019;064;Darmstadt, Regierungsbezirk;55 bis unter 60 Jahre;309970;155604;154366;263302;131575;131727;46668;24029;22639
31.12.2019;064;Darmstadt, Regierungsbezirk;60 bis unter 65 Jahre;249954;122738;127216;216634;106388;110246;33320;16350;16970
31.12.2019;064;Darmstadt, Regierungsbezirk;65 bis unter 70 Jahre;210655;98949;111706;184753;88053;96700;25902;10896;15006
31.12.2019;064;Darmstadt, Regierungsbezirk;70 bis unter 75 Jahre;175452;81824;93628;153539;71337;82202;21913;10487;11426
31.12.2019;064;Darmstadt, Regierungsbezirk;75 bis unter 80 Jahre;173437;78736;94701;159069;71487;87582;14368;7249;7119
31.12.2019;064;Darmstadt, Regierungsbezirk;80 bis unter 85 Jahre;140382;59905;80477;131549;55328;76221;8833;4577;4256
31.12.2019;064;Darmstadt, Regierungsbezirk;85 bis unter 90 Jahre;66667;25408;41259;62725;23479;39246;3942;1929;2013
31.12.2019;064;Darmstadt, Regierungsbezirk;90 Jahre und mehr;37615;10853;26762;35949;10193;25756;1666;660;1006
31.12.2019;065;Gie�en, Regierungsbezirk;unter 3 Jahre;28321;14572;13749;24365;12551;11814;3956;2021;1935
31.12.2019;065;Gie�en, Regierungsbezirk;3 bis unter 6 Jahre;28303;14479;13824;23990;12261;11729;4313;2218;2095
31.12.2019;065;Gie�en, Regierungsbezirk;6 bis unter 10 Jahre;35844;18331;17513;31245;15919;15326;4599;2412;2187
31.12.2019;065;Gie�en, Regierungsbezirk;10 bis unter 15 Jahre;46556;24050;22506;41203;21227;19976;5353;2823;2530
31.12.2019;065;Gie�en, Regierungsbezirk;15 bis unter 18 Jahre;29594;15235;14359;26537;13599;12938;3057;1636;1421
31.12.2019;065;Gie�en, Regierungsbezirk;18 bis unter 20 Jahre;23050;11630;11420;20364;10135;10229;2686;1495;1191
31.12.2019;065;Gie�en, Regierungsbezirk;20 bis unter 25 Jahre;71952;36265;35687;58626;28618;30008;13326;7647;5679
31.12.2019;065;Gie�en, Regierungsbezirk;25 bis unter 30 Jahre;69614;36291;33323;55929;28698;27231;13685;7593;6092
31.12.2019;065;Gie�en, Regierungsbezirk;30 bis unter 35 Jahre;66033;34506;31527;53921;27715;26206;12112;6791;5321
31.12.2019;065;Gie�en, Regierungsbezirk;35 bis unter 40 Jahre;61794;31553;30241;51398;26197;25201;10396;5356;5040
31.12.2019;065;Gie�en, Regierungsbezirk;40 bis unter 45 Jahre;58671;29319;29352;48746;24305;24441;9925;5014;4911
31.12.2019;065;Gie�en, Regierungsbezirk;45 bis unter 50 Jahre;64662;31932;32730;55449;27303;28146;9213;4629;4584
31.12.2019;065;Gie�en, Regierungsbezirk;50 bis unter 55 Jahre;83213;41606;41607;75386;37595;37791;7827;4011;3816
31.12.2019;065;Gie�en, Regierungsbezirk;55 bis unter 60 Jahre;86146;43002;43144;80218;39960;40258;5928;3042;2886
31.12.2019;065;Gie�en, Regierungsbezirk;60 bis unter 65 Jahre;72808;36033;36775;68759;34059;34700;4049;1974;2075
31.12.2019;065;Gie�en, Regierungsbezirk;65 bis unter 70 Jahre;62156;30247;31909;59075;28986;30089;3081;1261;1820
31.12.2019;065;Gie�en, Regierungsbezirk;70 bis unter 75 Jahre;46423;22048;24375;43698;20774;22924;2725;1274;1451
31.12.2019;065;Gie�en, Regierungsbezirk;75 bis unter 80 Jahre;43806;19997;23809;41951;19038;22913;1855;959;896
31.12.2019;065;Gie�en, Regierungsbezirk;80 bis unter 85 Jahre;39853;16808;23045;38767;16251;22516;1086;557;529
31.12.2019;065;Gie�en, Regierungsbezirk;85 bis unter 90 Jahre;19405;7095;12310;18950;6875;12075;455;220;235
31.12.2019;065;Gie�en, Regierungsbezirk;90 Jahre und mehr;10442;2988;7454;10223;2906;7317;219;82;137
31.12.2019;066;Kassel, Regierungsbezirk;unter 3 Jahre;32788;16914;15874;28050;14510;13540;4738;2404;2334
31.12.2019;066;Kassel, Regierungsbezirk;3 bis unter 6 Jahre;32978;16930;16048;28142;14483;13659;4836;2447;2389
31.12.2019;066;Kassel, Regierungsbezirk;6 bis unter 10 Jahre;41847;21667;20180;36375;18775;17600;5472;2892;2580
31.12.2019;066;Kassel, Regierungsbezirk;10 bis unter 15 Jahre;53453;27452;26001;47557;24288;23269;5896;3164;2732
31.12.2019;066;Kassel, Regierungsbezirk;15 bis unter 18 Jahre;34174;17564;16610;31140;15916;15224;3034;1648;1386
31.12.2019;066;Kassel, Regierungsbezirk;18 bis unter 20 Jahre;25001;13042;11959;22398;11520;10878;2603;1522;1081
31.12.2019;066;Kassel, Regierungsbezirk;20 bis unter 25 Jahre;69151;36980;32171;56739;29371;27368;12412;7609;4803
31.12.2019;066;Kassel, Regierungsbezirk;25 bis unter 30 Jahre;73266;39019;34247;58843;30676;28167;14423;8343;6080
31.12.2019;066;Kassel, Regierungsbezirk;30 bis unter 35 Jahre;73162;38731;34431;60056;31261;28795;13106;7470;5636
31.12.2019;066;Kassel, Regierungsbezirk;35 bis unter 40 Jahre;70123;36042;34081;59197;30188;29009;10926;5854;5072
31.12.2019;066;Kassel, Regierungsbezirk;40 bis unter 45 Jahre;66741;33139;33602;56712;27953;28759;10029;5186;4843
31.12.2019;066;Kassel, Regierungsbezirk;45 bis unter 50 Jahre;77457;38238;39219;67837;33304;34533;9620;4934;4686
31.12.2019;066;Kassel, Regierungsbezirk;50 bis unter 55 Jahre;99952;50105;49847;92317;45986;46331;7635;4119;3516
31.12.2019;066;Kassel, Regierungsbezirk;55 bis unter 60 Jahre;101751;50960;50791;95946;47952;47994;5805;3008;2797
31.12.2019;066;Kassel, Regierungsbezirk;60 bis unter 65 Jahre;86814;42974;43840;82694;40895;41799;4120;2079;2041
31.12.2019;066;Kassel, Regierungsbezirk;65 bis unter 70 Jahre;74786;36005;38781;71642;34617;37025;3144;1388;1756
31.12.2019;066;Kassel, Regierungsbezirk;70 bis unter 75 Jahre;58708;28092;30616;55840;26701;29139;2868;1391;1477
31.12.2019;066;Kassel, Regierungsbezirk;75 bis unter 80 Jahre;57646;26249;31397;55826;25304;30522;1820;945;875
31.12.2019;066;Kassel, Regierungsbezirk;80 bis unter 85 Jahre;51449;21681;29768;50405;21130;29275;1044;551;493
31.12.2019;066;Kassel, Regierungsbezirk;85 bis unter 90 Jahre;24457;8943;15514;23954;8684;15270;503;259;244
31.12.2019;066;Kassel, Regierungsbezirk;90 Jahre und mehr;13769;3737;10032;13562;3671;9891;207;66;141
31.12.2019;071;Koblenz, Stat. Region;unter 3 Jahre;41264;21290;19974;36026;18598;17428;5238;2692;2546
31.12.2019;071;Koblenz, Stat. Region;3 bis unter 6 Jahre;41255;21026;20229;36273;18446;17827;4982;2580;2402
31.12.2019;071;Koblenz, Stat. Region;6 bis unter 10 Jahre;51486;26373;25113;45678;23371;22307;5808;3002;2806
31.12.2019;071;Koblenz, Stat. Region;10 bis unter 15 Jahre;65876;33883;31993;59509;30540;28969;6367;3343;3024
31.12.2019;071;Koblenz, Stat. Region;15 bis unter 18 Jahre;42182;21679;20503;38719;19786;18933;3463;1893;1570
31.12.2019;071;Koblenz, Stat. Region;18 bis unter 20 Jahre;30758;16067;14691;27777;14332;13445;2981;1735;1246
31.12.2019;071;Koblenz, Stat. Region;20 bis unter 25 Jahre;78635;41653;36982;66967;34712;32255;11668;6941;4727
31.12.2019;071;Koblenz, Stat. Region;25 bis unter 30 Jahre;85672;45128;40544;71562;37108;34454;14110;8020;6090
31.12.2019;071;Koblenz, Stat. Region;30 bis unter 35 Jahre;88885;45987;42898;74783;38252;36531;14102;7735;6367
31.12.2019;071;Koblenz, Stat. Region;35 bis unter 40 Jahre;86784;43803;42981;73593;37048;36545;13191;6755;6436
31.12.2019;071;Koblenz, Stat. Region;40 bis unter 45 Jahre;82242;40885;41357;69459;34443;35016;12783;6442;6341
31.12.2019;071;Koblenz, Stat. Region;45 bis unter 50 Jahre;92972;45873;47099;80872;39761;41111;12100;6112;5988
31.12.2019;071;Koblenz, Stat. Region;50 bis unter 55 Jahre;125682;62793;62889;115505;57578;57927;10177;5215;4962
31.12.2019;071;Koblenz, Stat. Region;55 bis unter 60 Jahre;130511;65243;65268;122699;61212;61487;7812;4031;3781
31.12.2019;071;Koblenz, Stat. Region;60 bis unter 65 Jahre;110896;55048;55848;105604;52337;53267;5292;2711;2581
31.12.2019;071;Koblenz, Stat. Region;65 bis unter 70 Jahre;96819;47110;49709;92724;45328;47396;4095;1782;2313
31.12.2019;071;Koblenz, Stat. Region;70 bis unter 75 Jahre;69940;33518;36422;66562;31837;34725;3378;1681;1697
31.12.2019;071;Koblenz, Stat. Region;75 bis unter 80 Jahre;68149;30859;37290;66022;29735;36287;2127;1124;1003
31.12.2019;071;Koblenz, Stat. Region;80 bis unter 85 Jahre;62000;26230;35770;60763;25571;35192;1237;659;578
31.12.2019;071;Koblenz, Stat. Region;85 bis unter 90 Jahre;29734;11080;18654;29186;10806;18380;548;274;274
31.12.2019;071;Koblenz, Stat. Region;90 Jahre und mehr;16481;4527;11954;16204;4427;11777;277;100;177
31.12.2019;072;Trier, Stat. Region;unter 3 Jahre;14431;7435;6996;12236;6295;5941;2195;1140;1055
31.12.2019;072;Trier, Stat. Region;3 bis unter 6 Jahre;14762;7633;7129;12393;6397;5996;2369;1236;1133
31.12.2019;072;Trier, Stat. Region;6 bis unter 10 Jahre;18376;9446;8930;15901;8154;7747;2475;1292;1183
31.12.2019;072;Trier, Stat. Region;10 bis unter 15 Jahre;23450;12162;11288;20447;10532;9915;3003;1630;1373
31.12.2019;072;Trier, Stat. Region;15 bis unter 18 Jahre;14671;7521;7150;13095;6644;6451;1576;877;699
31.12.2019;072;Trier, Stat. Region;18 bis unter 20 Jahre;10935;5678;5257;9583;4843;4740;1352;835;517
31.12.2019;072;Trier, Stat. Region;20 bis unter 25 Jahre;31215;16309;14906;25800;13142;12658;5415;3167;2248
31.12.2019;072;Trier, Stat. Region;25 bis unter 30 Jahre;34118;17904;16214;27643;14363;13280;6475;3541;2934
31.12.2019;072;Trier, Stat. Region;30 bis unter 35 Jahre;33826;17512;16314;27171;13950;13221;6655;3562;3093
31.12.2019;072;Trier, Stat. Region;35 bis unter 40 Jahre;33048;16796;16252;26944;13592;13352;6104;3204;2900
31.12.2019;072;Trier, Stat. Region;40 bis unter 45 Jahre;30669;15481;15188;25064;12517;12547;5605;2964;2641
31.12.2019;072;Trier, Stat. Region;45 bis unter 50 Jahre;33426;16741;16685;28599;14222;14377;4827;2519;2308
31.12.2019;072;Trier, Stat. Region;50 bis unter 55 Jahre;43710;22261;21449;39536;19991;19545;4174;2270;1904
31.12.2019;072;Trier, Stat. Region;55 bis unter 60 Jahre;45100;22708;22392;41625;20936;20689;3475;1772;1703
31.12.2019;072;Trier, Stat. Region;60 bis unter 65 Jahre;38276;19145;19131;35709;17881;17828;2567;1264;1303
31.12.2019;072;Trier, Stat. Region;65 bis unter 70 Jahre;33188;16541;16647;31323;15601;15722;1865;940;925
31.12.2019;072;Trier, Stat. Region;70 bis unter 75 Jahre;22286;10946;11340;21018;10247;10771;1268;699;569
31.12.2019;072;Trier, Stat. Region;75 bis unter 80 Jahre;21489;9700;11789;20798;9317;11481;691;383;308
31.12.2019;072;Trier, Stat. Region;80 bis unter 85 Jahre;20228;8415;11813;19800;8214;11586;428;201;227
31.12.2019;072;Trier, Stat. Region;85 bis unter 90 Jahre;10197;3687;6510;10042;3619;6423;155;68;87
31.12.2019;072;Trier, Stat. Region;90 Jahre und mehr;5712;1543;4169;5599;1513;4086;113;30;83
31.12.2019;073;Rheinhessen-Pfalz, Stat. Region;unter 3 Jahre;59195;30303;28892;49953;25550;24403;9242;4753;4489
31.12.2019;073;Rheinhessen-Pfalz, Stat. Region;3 bis unter 6 Jahre;58741;30190;28551;50359;25806;24553;8382;4384;3998
31.12.2019;073;Rheinhessen-Pfalz, Stat. Region;6 bis unter 10 Jahre;72664;37435;35229;63499;32652;30847;9165;4783;4382
31.12.2019;073;Rheinhessen-Pfalz, Stat. Region;10 bis unter 15 Jahre;90138;46652;43486;79790;41093;38697;10348;5559;4789
31.12.2019;073;Rheinhessen-Pfalz, Stat. Region;15 bis unter 18 Jahre;56223;29223;27000;50373;26078;24295;5850;3145;2705
31.12.2019;073;Rheinhessen-Pfalz, Stat. Region;18 bis unter 20 Jahre;41587;21404;20183;36548;18587;17961;5039;2817;2222
31.12.2019;073;Rheinhessen-Pfalz, Stat. Region;20 bis unter 25 Jahre;119358;61857;57501;95995;48300;47695;23363;13557;9806
31.12.2019;073;Rheinhessen-Pfalz, Stat. Region;25 bis unter 30 Jahre;128663;66811;61852;100350;50914;49436;28313;15897;12416
31.12.2019;073;Rheinhessen-Pfalz, Stat. Region;30 bis unter 35 Jahre;130750;67333;63417;102997;52042;50955;27753;15291;12462
31.12.2019;073;Rheinhessen-Pfalz, Stat. Region;35 bis unter 40 Jahre;126411;63713;62698;100815;50248;50567;25596;13465;12131
31.12.2019;073;Rheinhessen-Pfalz, Stat. Region;40 bis unter 45 Jahre;118230;58988;59242;93659;46328;47331;24571;12660;11911
31.12.2019;073;Rheinhessen-Pfalz, Stat. Region;45 bis unter 50 Jahre;128774;63833;64941;105926;52079;53847;22848;11754;11094
31.12.2019;073;Rheinhessen-Pfalz, Stat. Region;50 bis unter 55 Jahre;167689;83895;83794;148620;73995;74625;19069;9900;9169
31.12.2019;073;Rheinhessen-Pfalz, Stat. Region;55 bis unter 60 Jahre;172964;86184;86780;158599;78657;79942;14365;7527;6838
31.12.2019;073;Rheinhessen-Pfalz, Stat. Region;60 bis unter 65 Jahre;147094;72453;74641;136986;67374;69612;10108;5079;5029
31.12.2019;073;Rheinhessen-Pfalz, Stat. Region;65 bis unter 70 Jahre;126025;60664;65361;118743;57516;61227;7282;3148;4134
31.12.2019;073;Rheinhessen-Pfalz, Stat. Region;70 bis unter 75 Jahre;90048;42428;47620;83731;39312;44419;6317;3116;3201
31.12.2019;073;Rheinhessen-Pfalz, Stat. Region;75 bis unter 80 Jahre;90333;40564;49769;86205;38364;47841;4128;2200;1928
31.12.2019;073;Rheinhessen-Pfalz, Stat. Region;80 bis unter 85 Jahre;78753;33438;45315;76323;32147;44176;2430;1291;1139
31.12.2019;073;Rheinhessen-Pfalz, Stat. Region;85 bis unter 90 Jahre;38358;14216;24142;37348;13734;23614;1010;482;528
31.12.2019;073;Rheinhessen-Pfalz, Stat. Region;90 Jahre und mehr;20569;5801;14768;20044;5622;14422;525;179;346
31.12.2019;081;Stuttgart, Regierungsbezirk;unter 3 Jahre;124966;64136;60830;106866;54783;52083;18100;9353;8747
31.12.2019;081;Stuttgart, Regierungsbezirk;3 bis unter 6 Jahre;121001;62113;58888;103218;52924;50294;17783;9189;8594
31.12.2019;081;Stuttgart, Regierungsbezirk;6 bis unter 10 Jahre;149833;76596;73237;129312;65975;63337;20521;10621;9900
31.12.2019;081;Stuttgart, Regierungsbezirk;10 bis unter 15 Jahre;191786;98176;93610;169169;86415;82754;22617;11761;10856
31.12.2019;081;Stuttgart, Regierungsbezirk;15 bis unter 18 Jahre;120189;61944;58245;106682;54795;51887;13507;7149;6358
31.12.2019;081;Stuttgart, Regierungsbezirk;18 bis unter 20 Jahre;85124;44476;40648;74104;38317;35787;11020;6159;4861
31.12.2019;081;Stuttgart, Regierungsbezirk;20 bis unter 25 Jahre;239133;127522;111611;181528;94299;87229;57605;33223;24382
31.12.2019;081;Stuttgart, Regierungsbezirk;25 bis unter 30 Jahre;276298;145065;131233;200796;102759;98037;75502;42306;33196
31.12.2019;081;Stuttgart, Regierungsbezirk;30 bis unter 35 Jahre;288322;150712;137610;209739;107368;102371;78583;43344;35239
31.12.2019;081;Stuttgart, Regierungsbezirk;35 bis unter 40 Jahre;274369;140730;133639;201533;101715;99818;72836;39015;33821
31.12.2019;081;Stuttgart, Regierungsbezirk;40 bis unter 45 Jahre;256411;129789;126622;186100;92658;93442;70311;37131;33180
31.12.2019;081;Stuttgart, Regierungsbezirk;45 bis unter 50 Jahre;274876;138937;135939;209257;104700;104557;65619;34237;31382
31.12.2019;081;Stuttgart, Regierungsbezirk;50 bis unter 55 Jahre;332239;169302;162937;277861;140566;137295;54378;28736;25642
31.12.2019;081;Stuttgart, Regierungsbezirk;55 bis unter 60 Jahre;322170;163716;158454;281461;141969;139492;40709;21747;18962
31.12.2019;081;Stuttgart, Regierungsbezirk;60 bis unter 65 Jahre;263118;130712;132406;232951;115381;117570;30167;15331;14836
31.12.2019;081;Stuttgart, Regierungsbezirk;65 bis unter 70 Jahre;215476;101809;113667;189283;90501;98782;26193;11308;14885
31.12.2019;081;Stuttgart, Regierungsbezirk;70 bis unter 75 Jahre;171666;80282;91384;147284;67823;79461;24382;12459;11923
31.12.2019;081;Stuttgart, Regierungsbezirk;75 bis unter 80 Jahre;179824;81026;98798;164718;72982;91736;15106;8044;7062
31.12.2019;081;Stuttgart, Regierungsbezirk;80 bis unter 85 Jahre;153831;65264;88567;145377;60729;84648;8454;4535;3919
31.12.2019;081;Stuttgart, Regierungsbezirk;85 bis unter 90 Jahre;75016;28866;46150;71766;27228;44538;3250;1638;1612
31.12.2019;081;Stuttgart, Regierungsbezirk;90 Jahre und mehr;38575;11228;27347;37554;10827;26727;1021;401;620
31.12.2019;082;Karlsruhe, Regierungsbezirk;unter 3 Jahre;80171;41079;39092;68610;35119;33491;11561;5960;5601
31.12.2019;082;Karlsruhe, Regierungsbezirk;3 bis unter 6 Jahre;78482;40273;38209;67046;34293;32753;11436;5980;5456
31.12.2019;082;Karlsruhe, Regierungsbezirk;6 bis unter 10 Jahre;97684;50583;47101;84524;43637;40887;13160;6946;6214
31.12.2019;082;Karlsruhe, Regierungsbezirk;10 bis unter 15 Jahre;123654;63888;59766;108907;56036;52871;14747;7852;6895
31.12.2019;082;Karlsruhe, Regierungsbezirk;15 bis unter 18 Jahre;77381;40114;37267;68626;35465;33161;8755;4649;4106
31.12.2019;082;Karlsruhe, Regierungsbezirk;18 bis unter 20 Jahre;59506;31408;28098;51298;26711;24587;8208;4697;3511
31.12.2019;082;Karlsruhe, Regierungsbezirk;20 bis unter 25 Jahre;177845;94746;83099;136483;71113;65370;41362;23633;17729
31.12.2019;082;Karlsruhe, Regierungsbezirk;25 bis unter 30 Jahre;189641;100637;89004;139458;72517;66941;50183;28120;22063
31.12.2019;082;Karlsruhe, Regierungsbezirk;30 bis unter 35 Jahre;189030;98914;90116;140099;71846;68253;48931;27068;21863
31.12.2019;082;Karlsruhe, Regierungsbezirk;35 bis unter 40 Jahre;181749;92821;88928;136869;69376;67493;44880;23445;21435
31.12.2019;082;Karlsruhe, Regierungsbezirk;40 bis unter 45 Jahre;165287;82742;82545;122458;60848;61610;42829;21894;20935
31.12.2019;082;Karlsruhe, Regierungsbezirk;45 bis unter 50 Jahre;178950;89533;89417;138078;68726;69352;40872;20807;20065
31.12.2019;082;Karlsruhe, Regierungsbezirk;50 bis unter 55 Jahre;225326;113989;111337;191892;96511;95381;33434;17478;15956
31.12.2019;082;Karlsruhe, Regierungsbezirk;55 bis unter 60 Jahre;223834;112265;111569;198768;99186;99582;25066;13079;11987
31.12.2019;082;Karlsruhe, Regierungsbezirk;60 bis unter 65 Jahre;184384;90774;93610;166861;81888;84973;17523;8886;8637
31.12.2019;082;Karlsruhe, Regierungsbezirk;65 bis unter 70 Jahre;153837;72721;81116;139421;66525;72896;14416;6196;8220
31.12.2019;082;Karlsruhe, Regierungsbezirk;70 bis unter 75 Jahre;120345;56118;64227;107349;49697;57652;12996;6421;6575
31.12.2019;082;Karlsruhe, Regierungsbezirk;75 bis unter 80 Jahre;120637;54225;66412;112356;49931;62425;8281;4294;3987
31.12.2019;082;Karlsruhe, Regierungsbezirk;80 bis unter 85 Jahre;105187;44231;60956;100501;41785;58716;4686;2446;2240
31.12.2019;082;Karlsruhe, Regierungsbezirk;85 bis unter 90 Jahre;50688;18862;31826;48841;17976;30865;1847;886;961
31.12.2019;082;Karlsruhe, Regierungsbezirk;90 Jahre und mehr;27236;7660;19576;26516;7395;19121;720;265;455
31.12.2019;083;Freiburg, Regierungsbezirk;unter 3 Jahre;67441;34512;32929;57756;29595;28161;9685;4917;4768
31.12.2019;083;Freiburg, Regierungsbezirk;3 bis unter 6 Jahre;66454;33906;32548;56988;29074;27914;9466;4832;4634
31.12.2019;083;Freiburg, Regierungsbezirk;6 bis unter 10 Jahre;83370;42977;40393;72046;37104;34942;11324;5873;5451
31.12.2019;083;Freiburg, Regierungsbezirk;10 bis unter 15 Jahre;106978;54341;52637;94952;48211;46741;12026;6130;5896
31.12.2019;083;Freiburg, Regierungsbezirk;15 bis unter 18 Jahre;66711;34591;32120;59435;30736;28699;7276;3855;3421
31.12.2019;083;Freiburg, Regierungsbezirk;18 bis unter 20 Jahre;48727;24859;23868;42782;21608;21174;5945;3251;2694
31.12.2019;083;Freiburg, Regierungsbezirk;20 bis unter 25 Jahre;137763;71481;66282;110560;56322;54238;27203;15159;12044
31.12.2019;083;Freiburg, Regierungsbezirk;25 bis unter 30 Jahre;144396;74820;69576;110495;56360;54135;33901;18460;15441
31.12.2019;083;Freiburg, Regierungsbezirk;30 bis unter 35 Jahre;146616;75322;71294;112675;56806;55869;33941;18516;15425
31.12.2019;083;Freiburg, Regierungsbezirk;35 bis unter 40 Jahre;140458;70710;69748;109901;54768;55133;30557;15942;14615
31.12.2019;083;Freiburg, Regierungsbezirk;40 bis unter 45 Jahre;129667;64662;65005;100051;49403;50648;29616;15259;14357
31.12.2019;083;Freiburg, Regierungsbezirk;45 bis unter 50 Jahre;141862;70209;71653;114088;56103;57985;27774;14106;13668
31.12.2019;083;Freiburg, Regierungsbezirk;50 bis unter 55 Jahre;182572;91145;91427;159085;78831;80254;23487;12314;11173
31.12.2019;083;Freiburg, Regierungsbezirk;55 bis unter 60 Jahre;182906;91254;91652;165684;82192;83492;17222;9062;8160
31.12.2019;083;Freiburg, Regierungsbezirk;60 bis unter 65 Jahre;153391;75791;77600;140667;69216;71451;12724;6575;6149
31.12.2019;083;Freiburg, Regierungsbezirk;65 bis unter 70 Jahre;128576;61432;67144;117743;56608;61135;10833;4824;6009
31.12.2019;083;Freiburg, Regierungsbezirk;70 bis unter 75 Jahre;94658;44919;49739;85169;40086;45083;9489;4833;4656
31.12.2019;083;Freiburg, Regierungsbezirk;75 bis unter 80 Jahre;97852;43830;54022;91774;40615;51159;6078;3215;2863
31.12.2019;083;Freiburg, Regierungsbezirk;80 bis unter 85 Jahre;86467;36563;49904;83126;34856;48270;3341;1707;1634
31.12.2019;083;Freiburg, Regierungsbezirk;85 bis unter 90 Jahre;42173;16080;26093;40792;15419;25373;1381;661;720
31.12.2019;083;Freiburg, Regierungsbezirk;90 Jahre und mehr;22313;6404;15909;21676;6153;15523;637;251;386
31.12.2019;084;T�bingen, Regierungsbezirk;unter 3 Jahre;56014;28649;27365;48937;25059;23878;7077;3590;3487
31.12.2019;084;T�bingen, Regierungsbezirk;3 bis unter 6 Jahre;54516;27981;26535;47758;24506;23252;6758;3475;3283
31.12.2019;084;T�bingen, Regierungsbezirk;6 bis unter 10 Jahre;68225;35023;33202;60043;30753;29290;8182;4270;3912
31.12.2019;084;T�bingen, Regierungsbezirk;10 bis unter 15 Jahre;87953;45001;42952;78620;40117;38503;9333;4884;4449
31.12.2019;084;T�bingen, Regierungsbezirk;15 bis unter 18 Jahre;55973;29005;26968;50733;26240;24493;5240;2765;2475
31.12.2019;084;T�bingen, Regierungsbezirk;18 bis unter 20 Jahre;41159;21150;20009;36719;18587;18132;4440;2563;1877
31.12.2019;084;T�bingen, Regierungsbezirk;20 bis unter 25 Jahre;116956;60960;55996;94548;48035;46513;22408;12925;9483
31.12.2019;084;T�bingen, Regierungsbezirk;25 bis unter 30 Jahre;120882;63606;57276;94107;48588;45519;26775;15018;11757
31.12.2019;084;T�bingen, Regierungsbezirk;30 bis unter 35 Jahre;121156;63036;58120;94024;47950;46074;27132;15086;12046
31.12.2019;084;T�bingen, Regierungsbezirk;35 bis unter 40 Jahre;116222;59002;57220;90981;45479;45502;25241;13523;11718
31.12.2019;084;T�bingen, Regierungsbezirk;40 bis unter 45 Jahre;108146;54665;53481;83700;41621;42079;24446;13044;11402
31.12.2019;084;T�bingen, Regierungsbezirk;45 bis unter 50 Jahre;119993;60094;59899;97921;48465;49456;22072;11629;10443
31.12.2019;084;T�bingen, Regierungsbezirk;50 bis unter 55 Jahre;149542;75542;74000;131595;65854;65741;17947;9688;8259
31.12.2019;084;T�bingen, Regierungsbezirk;55 bis unter 60 Jahre;148071;74231;73840;134834;67181;67653;13237;7050;6187
31.12.2019;084;T�bingen, Regierungsbezirk;60 bis unter 65 Jahre;123811;61016;62795;113989;56073;57916;9822;4943;4879
31.12.2019;084;T�bingen, Regierungsbezirk;65 bis unter 70 Jahre;101937;48919;53018;93564;45298;48266;8373;3621;4752
31.12.2019;084;T�bingen, Regierungsbezirk;70 bis unter 75 Jahre;76842;36922;39920;69384;33136;36248;7458;3786;3672
31.12.2019;084;T�bingen, Regierungsbezirk;75 bis unter 80 Jahre;77916;35323;42593;73324;32902;40422;4592;2421;2171
31.12.2019;084;T�bingen, Regierungsbezirk;80 bis unter 85 Jahre;68490;29221;39269;66076;27921;38155;2414;1300;1114
31.12.2019;084;T�bingen, Regierungsbezirk;85 bis unter 90 Jahre;32804;12262;20542;31871;11838;20033;933;424;509
31.12.2019;084;T�bingen, Regierungsbezirk;90 Jahre und mehr;17358;5040;12318;17020;4945;12075;338;95;243
31.12.2019;091;Oberbayern, Regierungsbezirk;unter 3 Jahre;145557;74387;71170;124465;63536;60929;21092;10851;10241
31.12.2019;091;Oberbayern, Regierungsbezirk;3 bis unter 6 Jahre;139881;71763;68118;119060;60946;58114;20821;10817;10004
31.12.2019;091;Oberbayern, Regierungsbezirk;6 bis unter 10 Jahre;172932;88619;84313;151333;77624;73709;21599;10995;10604
31.12.2019;091;Oberbayern, Regierungsbezirk;10 bis unter 15 Jahre;210765;108344;102421;185080;94954;90126;25685;13390;12295
31.12.2019;091;Oberbayern, Regierungsbezirk;15 bis unter 18 Jahre;127702;65367;62335;112479;57415;55064;15223;7952;7271
31.12.2019;091;Oberbayern, Regierungsbezirk;18 bis unter 20 Jahre;91785;47747;44038;77736;40155;37581;14049;7592;6457
31.12.2019;091;Oberbayern, Regierungsbezirk;20 bis unter 25 Jahre;276717;146649;130068;202211;104086;98125;74506;42563;31943
31.12.2019;091;Oberbayern, Regierungsbezirk;25 bis unter 30 Jahre;326668;167971;158697;231367;116647;114720;95301;51324;43977
31.12.2019;091;Oberbayern, Regierungsbezirk;30 bis unter 35 Jahre;343067;175619;167448;246609;124450;122159;96458;51169;45289
31.12.2019;091;Oberbayern, Regierungsbezirk;35 bis unter 40 Jahre;327444;164357;163087;242352;120701;121651;85092;43656;41436
31.12.2019;091;Oberbayern, Regierungsbezirk;40 bis unter 45 Jahre;305423;152905;152518;225769;112240;113529;79654;40665;38989
31.12.2019;091;Oberbayern, Regierungsbezirk;45 bis unter 50 Jahre;314627;157862;156765;242469;121157;121312;72158;36705;35453
31.12.2019;091;Oberbayern, Regierungsbezirk;50 bis unter 55 Jahre;382124;193912;188212;322945;162985;159960;59179;30927;28252
31.12.2019;091;Oberbayern, Regierungsbezirk;55 bis unter 60 Jahre;351302;175358;175944;307821;152682;155139;43481;22676;20805
31.12.2019;091;Oberbayern, Regierungsbezirk;60 bis unter 65 Jahre;276549;136098;140451;245480;120614;124866;31069;15484;15585
31.12.2019;091;Oberbayern, Regierungsbezirk;65 bis unter 70 Jahre;226376;105258;121118;199274;94106;105168;27102;11152;15950
31.12.2019;091;Oberbayern, Regierungsbezirk;70 bis unter 75 Jahre;200959;92320;108639;176996;80558;96438;23963;11762;12201
31.12.2019;091;Oberbayern, Regierungsbezirk;75 bis unter 80 Jahre;209162;94586;114576;194049;86404;107645;15113;8182;6931
31.12.2019;091;Oberbayern, Regierungsbezirk;80 bis unter 85 Jahre;164473;70461;94012;156489;66190;90299;7984;4271;3713
31.12.2019;091;Oberbayern, Regierungsbezirk;85 bis unter 90 Jahre;76538;29489;47049;73357;27835;45522;3181;1654;1527
31.12.2019;091;Oberbayern, Regierungsbezirk;90 Jahre und mehr;40814;12080;28734;39319;11478;27841;1495;602;893
31.12.2019;092;Niederbayern, Regierungsbezirk;unter 3 Jahre;34345;17574;16771;29386;15057;14329;4959;2517;2442
31.12.2019;092;Niederbayern, Regierungsbezirk;3 bis unter 6 Jahre;34030;17483;16547;29600;15160;14440;4430;2323;2107
31.12.2019;092;Niederbayern, Regierungsbezirk;6 bis unter 10 Jahre;43029;22158;20871;38566;19874;18692;4463;2284;2179
31.12.2019;092;Niederbayern, Regierungsbezirk;10 bis unter 15 Jahre;54791;28132;26659;49174;25237;23937;5617;2895;2722
31.12.2019;092;Niederbayern, Regierungsbezirk;15 bis unter 18 Jahre;35535;18283;17252;32561;16691;15870;2974;1592;1382
31.12.2019;092;Niederbayern, Regierungsbezirk;18 bis unter 20 Jahre;25932;13537;12395;23404;12046;11358;2528;1491;1037
31.12.2019;092;Niederbayern, Regierungsbezirk;20 bis unter 25 Jahre;73239;39015;34224;61201;31593;29608;12038;7422;4616
31.12.2019;092;Niederbayern, Regierungsbezirk;25 bis unter 30 Jahre;77585;41510;36075;62485;32663;29822;15100;8847;6253
31.12.2019;092;Niederbayern, Regierungsbezirk;30 bis unter 35 Jahre;77674;41040;36634;62472;32247;30225;15202;8793;6409
31.12.2019;092;Niederbayern, Regierungsbezirk;35 bis unter 40 Jahre;77697;40124;37573;63857;32275;31582;13840;7849;5991
31.12.2019;092;Niederbayern, Regierungsbezirk;40 bis unter 45 Jahre;74689;38218;36471;61172;30695;30477;13517;7523;5994
31.12.2019;092;Niederbayern, Regierungsbezirk;45 bis unter 50 Jahre;83671;42748;40923;71700;36038;35662;11971;6710;5261
31.12.2019;092;Niederbayern, Regierungsbezirk;50 bis unter 55 Jahre;102131;52280;49851;92865;46846;46019;9266;5434;3832
31.12.2019;092;Niederbayern, Regierungsbezirk;55 bis unter 60 Jahre;103688;52060;51628;97636;48576;49060;6052;3484;2568
31.12.2019;092;Niederbayern, Regierungsbezirk;60 bis unter 65 Jahre;88481;44150;44331;84525;42019;42506;3956;2131;1825
31.12.2019;092;Niederbayern, Regierungsbezirk;65 bis unter 70 Jahre;73988;35952;38036;71058;34632;36426;2930;1320;1610
31.12.2019;092;Niederbayern, Regierungsbezirk;70 bis unter 75 Jahre;56148;26966;29182;53967;25945;28022;2181;1021;1160
31.12.2019;092;Niederbayern, Regierungsbezirk;75 bis unter 80 Jahre;51444;23646;27798;50154;22952;27202;1290;694;596
31.12.2019;092;Niederbayern, Regierungsbezirk;80 bis unter 85 Jahre;44094;18253;25841;43384;17891;25493;710;362;348
31.12.2019;092;Niederbayern, Regierungsbezirk;85 bis unter 90 Jahre;21367;7449;13918;21065;7306;13759;302;143;159
31.12.2019;092;Niederbayern, Regierungsbezirk;90 Jahre und mehr;10611;2822;7789;10452;2763;7689;159;59;100
31.12.2019;093;Oberpfalz, Regierungsbezirk;unter 3 Jahre;31864;16238;15626;27121;13803;13318;4743;2435;2308
31.12.2019;093;Oberpfalz, Regierungsbezirk;3 bis unter 6 Jahre;30132;15525;14607;26680;13741;12939;3452;1784;1668
31.12.2019;093;Oberpfalz, Regierungsbezirk;6 bis unter 10 Jahre;37929;19345;18584;34437;17511;16926;3492;1834;1658
31.12.2019;093;Oberpfalz, Regierungsbezirk;10 bis unter 15 Jahre;47783;24583;23200;43460;22305;21155;4323;2278;2045
31.12.2019;093;Oberpfalz, Regierungsbezirk;15 bis unter 18 Jahre;30449;15534;14915;28073;14272;13801;2376;1262;1114
31.12.2019;093;Oberpfalz, Regierungsbezirk;18 bis unter 20 Jahre;22766;11744;11022;20829;10613;10216;1937;1131;806
31.12.2019;093;Oberpfalz, Regierungsbezirk;20 bis unter 25 Jahre;66238;34750;31488;56956;29118;27838;9282;5632;3650
31.12.2019;093;Oberpfalz, Regierungsbezirk;25 bis unter 30 Jahre;72444;38295;34149;60760;31553;29207;11684;6742;4942
31.12.2019;093;Oberpfalz, Regierungsbezirk;30 bis unter 35 Jahre;72645;37993;34652;61171;31515;29656;11474;6478;4996
31.12.2019;093;Oberpfalz, Regierungsbezirk;35 bis unter 40 Jahre;69960;35856;34104;59586;30142;29444;10374;5714;4660
31.12.2019;093;Oberpfalz, Regierungsbezirk;40 bis unter 45 Jahre;65817;33370;32447;55984;28146;27838;9833;5224;4609
31.12.2019;093;Oberpfalz, Regierungsbezirk;45 bis unter 50 Jahre;73334;36912;36422;64632;32252;32380;8702;4660;4042
31.12.2019;093;Oberpfalz, Regierungsbezirk;50 bis unter 55 Jahre;91577;46594;44983;84790;42781;42009;6787;3813;2974
31.12.2019;093;Oberpfalz, Regierungsbezirk;55 bis unter 60 Jahre;93291;47080;46211;88627;44376;44251;4664;2704;1960
31.12.2019;093;Oberpfalz, Regierungsbezirk;60 bis unter 65 Jahre;78247;39112;39135;75334;37561;37773;2913;1551;1362
31.12.2019;093;Oberpfalz, Regierungsbezirk;65 bis unter 70 Jahre;65549;32209;33340;63448;31304;32144;2101;905;1196
31.12.2019;093;Oberpfalz, Regierungsbezirk;70 bis unter 75 Jahre;47427;22749;24678;45886;22034;23852;1541;715;826
31.12.2019;093;Oberpfalz, Regierungsbezirk;75 bis unter 80 Jahre;44841;20293;24548;43883;19801;24082;958;492;466
31.12.2019;093;Oberpfalz, Regierungsbezirk;80 bis unter 85 Jahre;40095;16421;23674;39551;16149;23402;544;272;272
31.12.2019;093;Oberpfalz, Regierungsbezirk;85 bis unter 90 Jahre;19836;6916;12920;19636;6819;12817;200;97;103
31.12.2019;093;Oberpfalz, Regierungsbezirk;90 Jahre und mehr;9878;2698;7180;9767;2658;7109;111;40;71
31.12.2019;094;Oberfranken, Regierungsbezirk;unter 3 Jahre;28025;14277;13748;24922;12721;12201;3103;1556;1547
31.12.2019;094;Oberfranken, Regierungsbezirk;3 bis unter 6 Jahre;27452;14102;13350;24854;12754;12100;2598;1348;1250
31.12.2019;094;Oberfranken, Regierungsbezirk;6 bis unter 10 Jahre;34711;17718;16993;31657;16159;15498;3054;1559;1495
31.12.2019;094;Oberfranken, Regierungsbezirk;10 bis unter 15 Jahre;44027;22473;21554;40709;20737;19972;3318;1736;1582
31.12.2019;094;Oberfranken, Regierungsbezirk;15 bis unter 18 Jahre;28541;14508;14033;26720;13476;13244;1821;1032;789
31.12.2019;094;Oberfranken, Regierungsbezirk;18 bis unter 20 Jahre;21496;11463;10033;19847;10459;9388;1649;1004;645
31.12.2019;094;Oberfranken, Regierungsbezirk;20 bis unter 25 Jahre;60858;32028;28830;52756;27367;25389;8102;4661;3441
31.12.2019;094;Oberfranken, Regierungsbezirk;25 bis unter 30 Jahre;63791;33546;30245;54790;28579;26211;9001;4967;4034
31.12.2019;094;Oberfranken, Regierungsbezirk;30 bis unter 35 Jahre;64022;33125;30897;55576;28410;27166;8446;4715;3731
31.12.2019;094;Oberfranken, Regierungsbezirk;35 bis unter 40 Jahre;62730;31882;30848;55133;27884;27249;7597;3998;3599
31.12.2019;094;Oberfranken, Regierungsbezirk;40 bis unter 45 Jahre;59409;29875;29534;52162;26082;26080;7247;3793;3454
31.12.2019;094;Oberfranken, Regierungsbezirk;45 bis unter 50 Jahre;68699;33805;34894;62072;30462;31610;6627;3343;3284
31.12.2019;094;Oberfranken, Regierungsbezirk;50 bis unter 55 Jahre;89104;44784;44320;83683;41865;41818;5421;2919;2502
31.12.2019;094;Oberfranken, Regierungsbezirk;55 bis unter 60 Jahre;92471;46578;45893;88395;44327;44068;4076;2251;1825
31.12.2019;094;Oberfranken, Regierungsbezirk;60 bis unter 65 Jahre;78745;39078;39667;75827;37522;38305;2918;1556;1362
31.12.2019;094;Oberfranken, Regierungsbezirk;65 bis unter 70 Jahre;65851;31769;34082;63633;30810;32823;2218;959;1259
31.12.2019;094;Oberfranken, Regierungsbezirk;70 bis unter 75 Jahre;50640;24103;26537;48621;23077;25544;2019;1026;993
31.12.2019;094;Oberfranken, Regierungsbezirk;75 bis unter 80 Jahre;48064;21592;26472;46798;20924;25874;1266;668;598
31.12.2019;094;Oberfranken, Regierungsbezirk;80 bis unter 85 Jahre;43914;17722;26192;43147;17303;25844;767;419;348
31.12.2019;094;Oberfranken, Regierungsbezirk;85 bis unter 90 Jahre;21649;7445;14204;21345;7287;14058;304;158;146
31.12.2019;094;Oberfranken, Regierungsbezirk;90 Jahre und mehr;11172;2908;8264;11048;2856;8192;124;52;72
31.12.2019;095;Mittelfranken, Regierungsbezirk;unter 3 Jahre;52874;26981;25893;44634;22677;21957;8240;4304;3936
31.12.2019;095;Mittelfranken, Regierungsbezirk;3 bis unter 6 Jahre;51531;26487;25044;43728;22417;21311;7803;4070;3733
31.12.2019;095;Mittelfranken, Regierungsbezirk;6 bis unter 10 Jahre;62704;32459;30245;54570;28204;26366;8134;4255;3879
31.12.2019;095;Mittelfranken, Regierungsbezirk;10 bis unter 15 Jahre;77685;40170;37515;67744;34939;32805;9941;5231;4710
31.12.2019;095;Mittelfranken, Regierungsbezirk;15 bis unter 18 Jahre;48290;24839;23451;42499;21832;20667;5791;3007;2784
31.12.2019;095;Mittelfranken, Regierungsbezirk;18 bis unter 20 Jahre;35071;18320;16751;30575;15737;14838;4496;2583;1913
31.12.2019;095;Mittelfranken, Regierungsbezirk;20 bis unter 25 Jahre;103070;53728;49342;81144;41436;39708;21926;12292;9634
31.12.2019;095;Mittelfranken, Regierungsbezirk;25 bis unter 30 Jahre;116323;60282;56041;89149;45613;43536;27174;14669;12505
31.12.2019;095;Mittelfranken, Regierungsbezirk;30 bis unter 35 Jahre;120122;61640;58482;92420;46705;45715;27702;14935;12767
31.12.2019;095;Mittelfranken, Regierungsbezirk;35 bis unter 40 Jahre;117315;59100;58215;92030;46132;45898;25285;12968;12317
31.12.2019;095;Mittelfranken, Regierungsbezirk;40 bis unter 45 Jahre;108609;54185;54424;84042;41802;42240;24567;12383;12184
31.12.2019;095;Mittelfranken, Regierungsbezirk;45 bis unter 50 Jahre;114424;56821;57603;91832;45441;46391;22592;11380;11212
31.12.2019;095;Mittelfranken, Regierungsbezirk;50 bis unter 55 Jahre;143749;72397;71352;125123;62618;62505;18626;9779;8847
31.12.2019;095;Mittelfranken, Regierungsbezirk;55 bis unter 60 Jahre;140606;70509;70097;127160;63332;63828;13446;7177;6269
31.12.2019;095;Mittelfranken, Regierungsbezirk;60 bis unter 65 Jahre;116861;57611;59250;107183;52589;54594;9678;5022;4656
31.12.2019;095;Mittelfranken, Regierungsbezirk;65 bis unter 70 Jahre;97007;45792;51215;89033;42509;46524;7974;3283;4691
31.12.2019;095;Mittelfranken, Regierungsbezirk;70 bis unter 75 Jahre;77877;36598;41279;70721;33150;37571;7156;3448;3708
31.12.2019;095;Mittelfranken, Regierungsbezirk;75 bis unter 80 Jahre;77251;34399;42852;72921;32201;40720;4330;2198;2132
31.12.2019;095;Mittelfranken, Regierungsbezirk;80 bis unter 85 Jahre;65923;27398;38525;63387;26151;37236;2536;1247;1289
31.12.2019;095;Mittelfranken, Regierungsbezirk;85 bis unter 90 Jahre;31625;11279;20346;30653;10772;19881;972;507;465
31.12.2019;095;Mittelfranken, Regierungsbezirk;90 Jahre und mehr;16252;4650;11602;15844;4495;11349;408;155;253
31.12.2019;096;Unterfranken, Regierungsbezirk;unter 3 Jahre;36623;18848;17775;32710;16850;15860;3913;1998;1915
31.12.2019;096;Unterfranken, Regierungsbezirk;3 bis unter 6 Jahre;35733;18368;17365;32040;16445;15595;3693;1923;1770
31.12.2019;096;Unterfranken, Regierungsbezirk;6 bis unter 10 Jahre;44131;22530;21601;40139;20453;19686;3992;2077;1915
31.12.2019;096;Unterfranken, Regierungsbezirk;10 bis unter 15 Jahre;55794;28593;27201;51096;26189;24907;4698;2404;2294
31.12.2019;096;Unterfranken, Regierungsbezirk;15 bis unter 18 Jahre;36344;18545;17799;33622;17068;16554;2722;1477;1245
31.12.2019;096;Unterfranken, Regierungsbezirk;18 bis unter 20 Jahre;26671;13786;12885;24251;12321;11930;2420;1465;955
31.12.2019;096;Unterfranken, Regierungsbezirk;20 bis unter 25 Jahre;75785;39362;36423;64727;32963;31764;11058;6399;4659
31.12.2019;096;Unterfranken, Regierungsbezirk;25 bis unter 30 Jahre;81156;42334;38822;68652;35473;33179;12504;6861;5643
31.12.2019;096;Unterfranken, Regierungsbezirk;30 bis unter 35 Jahre;82211;42973;39238;70039;36223;33816;12172;6750;5422
31.12.2019;096;Unterfranken, Regierungsbezirk;35 bis unter 40 Jahre;80125;40970;39155;68837;35091;33746;11288;5879;5409
31.12.2019;096;Unterfranken, Regierungsbezirk;40 bis unter 45 Jahre;74154;36948;37206;63175;31439;31736;10979;5509;5470
31.12.2019;096;Unterfranken, Regierungsbezirk;45 bis unter 50 Jahre;82053;40865;41188;71543;35530;36013;10510;5335;5175
31.12.2019;096;Unterfranken, Regierungsbezirk;50 bis unter 55 Jahre;108233;54316;53917;99491;49593;49898;8742;4723;4019
31.12.2019;096;Unterfranken, Regierungsbezirk;55 bis unter 60 Jahre;112855;56445;56410;106337;52979;53358;6518;3466;3052
31.12.2019;096;Unterfranken, Regierungsbezirk;60 bis unter 65 Jahre;95702;47462;48240;91274;45184;46090;4428;2278;2150
31.12.2019;096;Unterfranken, Regierungsbezirk;65 bis unter 70 Jahre;81765;39910;41855;78473;38500;39973;3292;1410;1882
31.12.2019;096;Unterfranken, Regierungsbezirk;70 bis unter 75 Jahre;59651;28795;30856;56688;27319;29369;2963;1476;1487
31.12.2019;096;Unterfranken, Regierungsbezirk;75 bis unter 80 Jahre;56806;26008;30798;54899;24903;29996;1907;1105;802
31.12.2019;096;Unterfranken, Regierungsbezirk;80 bis unter 85 Jahre;53208;22623;30585;52087;22045;30042;1121;578;543
31.12.2019;096;Unterfranken, Regierungsbezirk;85 bis unter 90 Jahre;25291;9442;15849;24867;9233;15634;424;209;215
31.12.2019;096;Unterfranken, Regierungsbezirk;90 Jahre und mehr;13328;3754;9574;13155;3696;9459;173;58;115
31.12.2019;097;Schwaben, Regierungsbezirk;unter 3 Jahre;57103;29326;27777;49595;25461;24134;7508;3865;3643
31.12.2019;097;Schwaben, Regierungsbezirk;3 bis unter 6 Jahre;55358;28294;27064;48400;24732;23668;6958;3562;3396
31.12.2019;097;Schwaben, Regierungsbezirk;6 bis unter 10 Jahre;67671;34772;32899;60994;31289;29705;6677;3483;3194
31.12.2019;097;Schwaben, Regierungsbezirk;10 bis unter 15 Jahre;85284;43682;41602;76725;39257;37468;8559;4425;4134
31.12.2019;097;Schwaben, Regierungsbezirk;15 bis unter 18 Jahre;54757;28046;26711;49781;25416;24365;4976;2630;2346
31.12.2019;097;Schwaben, Regierungsbezirk;18 bis unter 20 Jahre;39646;20576;19070;35426;18166;17260;4220;2410;1810
31.12.2019;097;Schwaben, Regierungsbezirk;20 bis unter 25 Jahre;110992;58746;52246;89549;46216;43333;21443;12530;8913
31.12.2019;097;Schwaben, Regierungsbezirk;25 bis unter 30 Jahre;120119;63082;57037;94346;48637;45709;25773;14445;11328
31.12.2019;097;Schwaben, Regierungsbezirk;30 bis unter 35 Jahre;124494;65184;59310;97312;49868;47444;27182;15316;11866
31.12.2019;097;Schwaben, Regierungsbezirk;35 bis unter 40 Jahre;121300;62327;58973;96045;48699;47346;25255;13628;11627
31.12.2019;097;Schwaben, Regierungsbezirk;40 bis unter 45 Jahre;114391;57824;56567;89369;44667;44702;25022;13157;11865
31.12.2019;097;Schwaben, Regierungsbezirk;45 bis unter 50 Jahre;123434;62210;61224;100333;50053;50280;23101;12157;10944
31.12.2019;097;Schwaben, Regierungsbezirk;50 bis unter 55 Jahre;154762;78604;76158;136002;68382;67620;18760;10222;8538
31.12.2019;097;Schwaben, Regierungsbezirk;55 bis unter 60 Jahre;151107;75907;75200;138078;68808;69270;13029;7099;5930
31.12.2019;097;Schwaben, Regierungsbezirk;60 bis unter 65 Jahre;124794;61587;63207;115624;56925;58699;9170;4662;4508
31.12.2019;097;Schwaben, Regierungsbezirk;65 bis unter 70 Jahre;103238;49327;53911;95724;46290;49434;7514;3037;4477
31.12.2019;097;Schwaben, Regierungsbezirk;70 bis unter 75 Jahre;84030;39622;44408;77007;36212;40795;7023;3410;3613
31.12.2019;097;Schwaben, Regierungsbezirk;75 bis unter 80 Jahre;85531;39221;46310;80924;36778;44146;4607;2443;2164
31.12.2019;097;Schwaben, Regierungsbezirk;80 bis unter 85 Jahre;69672;29655;40017;67137;28296;38841;2535;1359;1176
31.12.2019;097;Schwaben, Regierungsbezirk;85 bis unter 90 Jahre;33595;12481;21114;32684;11993;20691;911;488;423
31.12.2019;097;Schwaben, Regierungsbezirk;90 Jahre und mehr;18164;5146;13018;17780;5023;12757;384;123;261
31.12.2019;100;Saarland;unter 3 Jahre;24549;12604;11945;20501;10525;9976;4048;2079;1969
31.12.2019;100;Saarland;3 bis unter 6 Jahre;24580;12634;11946;20456;10492;9964;4124;2142;1982
31.12.2019;100;Saarland;6 bis unter 10 Jahre;31180;16111;15069;26201;13468;12733;4979;2643;2336
31.12.2019;100;Saarland;10 bis unter 15 Jahre;40106;20752;19354;34591;17837;16754;5515;2915;2600
31.12.2019;100;Saarland;15 bis unter 18 Jahre;25275;13150;12125;22175;11494;10681;3100;1656;1444
31.12.2019;100;Saarland;18 bis unter 20 Jahre;18524;9691;8833;16039;8273;7766;2485;1418;1067
31.12.2019;100;Saarland;20 bis unter 25 Jahre;52043;27461;24582;42109;21630;20479;9934;5831;4103
31.12.2019;100;Saarland;25 bis unter 30 Jahre;58375;30497;27878;47015;24239;22776;11360;6258;5102
31.12.2019;100;Saarland;30 bis unter 35 Jahre;59692;31013;28679;48739;24937;23802;10953;6076;4877
31.12.2019;100;Saarland;35 bis unter 40 Jahre;57430;29459;27971;47531;24156;23375;9899;5303;4596
31.12.2019;100;Saarland;40 bis unter 45 Jahre;52824;26156;26668;43552;21637;21915;9272;4519;4753
31.12.2019;100;Saarland;45 bis unter 50 Jahre;57911;28532;29379;49154;24249;24905;8757;4283;4474
31.12.2019;100;Saarland;50 bis unter 55 Jahre;80413;39847;40566;72746;36000;36746;7667;3847;3820
31.12.2019;100;Saarland;55 bis unter 60 Jahre;87404;43274;44130;81407;40245;41162;5997;3029;2968
31.12.2019;100;Saarland;60 bis unter 65 Jahre;78606;38937;39669;74122;36648;37474;4484;2289;2195
31.12.2019;100;Saarland;65 bis unter 70 Jahre;67914;32835;35079;64224;31134;33090;3690;1701;1989
31.12.2019;100;Saarland;70 bis unter 75 Jahre;47626;22626;25000;44773;21053;23720;2853;1573;1280
31.12.2019;100;Saarland;75 bis unter 80 Jahre;46640;20490;26150;44831;19514;25317;1809;976;833
31.12.2019;100;Saarland;80 bis unter 85 Jahre;44082;17872;26210;42890;17223;25667;1192;649;543
31.12.2019;100;Saarland;85 bis unter 90 Jahre;21011;7608;13403;20470;7354;13116;541;254;287
31.12.2019;100;Saarland;90 Jahre und mehr;10702;2870;7832;10441;2766;7675;261;104;157
31.12.2019;110;Berlin;unter 3 Jahre;116834;60089;56745;97673;50229;47444;19161;9860;9301
31.12.2019;110;Berlin;3 bis unter 6 Jahre;112940;57757;55183;92331;47238;45093;20609;10519;10090
31.12.2019;110;Berlin;6 bis unter 10 Jahre;134465;69124;65341;109732;56385;53347;24733;12739;11994
31.12.2019;110;Berlin;10 bis unter 15 Jahre;155306;79903;75403;132016;67847;64169;23290;12056;11234
31.12.2019;110;Berlin;15 bis unter 18 Jahre;86329;44474;41855;73794;37790;36004;12535;6684;5851
31.12.2019;110;Berlin;18 bis unter 20 Jahre;62069;31754;30315;50518;25334;25184;11551;6420;5131
31.12.2019;110;Berlin;20 bis unter 25 Jahre;202015;100796;101219;140301;68614;71687;61714;32182;29532
31.12.2019;110;Berlin;25 bis unter 30 Jahre;280135;139336;140799;179648;87481;92167;100487;51855;48632
31.12.2019;110;Berlin;30 bis unter 35 Jahre;333561;168782;164779;233246;115919;117327;100315;52863;47452
31.12.2019;110;Berlin;35 bis unter 40 Jahre;292312;149498;142814;216778;109588;107190;75534;39910;35624
31.12.2019;110;Berlin;40 bis unter 45 Jahre;238403;121754;116649;179933;91409;88524;58470;30345;28125
31.12.2019;110;Berlin;45 bis unter 50 Jahre;220620;112295;108325;169613;86038;83575;51007;26257;24750
31.12.2019;110;Berlin;50 bis unter 55 Jahre;262286;133265;129021;220694;111568;109126;41592;21697;19895
31.12.2019;110;Berlin;55 bis unter 60 Jahre;262524;131876;130648;230272;115003;115269;32252;16873;15379
31.12.2019;110;Berlin;60 bis unter 65 Jahre;204167;100287;103880;181799;89073;92726;22368;11214;11154
31.12.2019;110;Berlin;65 bis unter 70 Jahre;182822;84200;98622;165972;76968;89004;16850;7232;9618
31.12.2019;110;Berlin;70 bis unter 75 Jahre;143172;65150;78022;129044;59102;69942;14128;6048;8080
31.12.2019;110;Berlin;75 bis unter 80 Jahre;168304;74391;93913;158878;69758;89120;9426;4633;4793
31.12.2019;110;Berlin;80 bis unter 85 Jahre;125221;51090;74131;119484;48277;71207;5737;2813;2924
31.12.2019;110;Berlin;85 bis unter 90 Jahre;55915;20454;35461;53323;19256;34067;2592;1198;1394
31.12.2019;110;Berlin;90 Jahre und mehr;30091;7998;22093;28376;7358;21018;1715;640;1075
31.12.2019;120;Brandenburg;unter 3 Jahre;62959;32308;30651;57673;29553;28120;5286;2755;2531
31.12.2019;120;Brandenburg;3 bis unter 6 Jahre;69028;35506;33522;63739;32761;30978;5289;2745;2544
31.12.2019;120;Brandenburg;6 bis unter 10 Jahre;91336;46928;44408;85091;43680;41411;6245;3248;2997
31.12.2019;120;Brandenburg;10 bis unter 15 Jahre;111074;57135;53939;104508;53659;50849;6566;3476;3090
31.12.2019;120;Brandenburg;15 bis unter 18 Jahre;63721;33007;30714;60213;31088;29125;3508;1919;1589
31.12.2019;120;Brandenburg;18 bis unter 20 Jahre;41216;21707;19509;38210;19845;18365;3006;1862;1144
31.12.2019;120;Brandenburg;20 bis unter 25 Jahre;90100;48784;41316;77547;40932;36615;12553;7852;4701
31.12.2019;120;Brandenburg;25 bis unter 30 Jahre;92191;48093;44098;76511;38842;37669;15680;9251;6429
31.12.2019;120;Brandenburg;30 bis unter 35 Jahre;154505;78723;75782;139963;70433;69530;14542;8290;6252
31.12.2019;120;Brandenburg;35 bis unter 40 Jahre;162012;82865;79147;149694;76297;73397;12318;6568;5750
31.12.2019;120;Brandenburg;40 bis unter 45 Jahre;151014;77597;73417;140255;72064;68191;10759;5533;5226
31.12.2019;120;Brandenburg;45 bis unter 50 Jahre;153836;78865;74971;144899;74253;70646;8937;4612;4325
31.12.2019;120;Brandenburg;50 bis unter 55 Jahre;207593;104826;102767;200712;101095;99617;6881;3731;3150
31.12.2019;120;Brandenburg;55 bis unter 60 Jahre;239654;120730;118924;234790;118059;116731;4864;2671;2193
31.12.2019;120;Brandenburg;60 bis unter 65 Jahre;204044;101788;102256;200698;99861;100837;3346;1927;1419
31.12.2019;120;Brandenburg;65 bis unter 70 Jahre;180956;87537;93419;178775;86371;92404;2181;1166;1015
31.12.2019;120;Brandenburg;70 bis unter 75 Jahre;106624;49948;56676;105262;49256;56006;1362;692;670
31.12.2019;120;Brandenburg;75 bis unter 80 Jahre;142684;63222;79462;141964;62875;79089;720;347;373
31.12.2019;120;Brandenburg;80 bis unter 85 Jahre;118126;48345;69781;117587;48104;69483;539;241;298
31.12.2019;120;Brandenburg;85 bis unter 90 Jahre;54197;19583;34614;54005;19501;34504;192;82;110
31.12.2019;120;Brandenburg;90 Jahre und mehr;25023;6434;18589;24924;6406;18518;99;28;71
31.12.2019;130;Mecklenburg-Vorpommern;unter 3 Jahre;39337;20130;19207;36268;18520;17748;3069;1610;1459
31.12.2019;130;Mecklenburg-Vorpommern;3 bis unter 6 Jahre;42154;21450;20704;39075;19867;19208;3079;1583;1496
31.12.2019;130;Mecklenburg-Vorpommern;6 bis unter 10 Jahre;56054;28724;27330;52608;26941;25667;3446;1783;1663
31.12.2019;130;Mecklenburg-Vorpommern;10 bis unter 15 Jahre;68037;34704;33333;64178;32747;31431;3859;1957;1902
31.12.2019;130;Mecklenburg-Vorpommern;15 bis unter 18 Jahre;39498;20423;19075;37408;19255;18153;2090;1168;922
31.12.2019;130;Mecklenburg-Vorpommern;18 bis unter 20 Jahre;27239;14256;12983;25118;12899;12219;2121;1357;764
31.12.2019;130;Mecklenburg-Vorpommern;20 bis unter 25 Jahre;62919;33038;29881;54541;27854;26687;8378;5184;3194
31.12.2019;130;Mecklenburg-Vorpommern;25 bis unter 30 Jahre;66259;34649;31610;56513;28747;27766;9746;5902;3844
31.12.2019;130;Mecklenburg-Vorpommern;30 bis unter 35 Jahre;105569;54839;50730;96962;49791;47171;8607;5048;3559
31.12.2019;130;Mecklenburg-Vorpommern;35 bis unter 40 Jahre;102967;53766;49201;95781;49612;46169;7186;4154;3032
31.12.2019;130;Mecklenburg-Vorpommern;40 bis unter 45 Jahre;92538;49156;43382;86239;45566;40673;6299;3590;2709
31.12.2019;130;Mecklenburg-Vorpommern;45 bis unter 50 Jahre;91071;47581;43490;85733;44607;41126;5338;2974;2364
31.12.2019;130;Mecklenburg-Vorpommern;50 bis unter 55 Jahre;122946;62310;60636;119046;60070;58976;3900;2240;1660
31.12.2019;130;Mecklenburg-Vorpommern;55 bis unter 60 Jahre;149680;74962;74718;146706;73295;73411;2974;1667;1307
31.12.2019;130;Mecklenburg-Vorpommern;60 bis unter 65 Jahre;135500;66667;68833;133575;65581;67994;1925;1086;839
31.12.2019;130;Mecklenburg-Vorpommern;65 bis unter 70 Jahre;123318;59476;63842;122220;58885;63335;1098;591;507
31.12.2019;130;Mecklenburg-Vorpommern;70 bis unter 75 Jahre;70308;33094;37214;69558;32736;36822;750;358;392
31.12.2019;130;Mecklenburg-Vorpommern;75 bis unter 80 Jahre;86060;37536;48524;85678;37370;48308;382;166;216
31.12.2019;130;Mecklenburg-Vorpommern;80 bis unter 85 Jahre;75420;29796;45624;75085;29668;45417;335;128;207
31.12.2019;130;Mecklenburg-Vorpommern;85 bis unter 90 Jahre;35677;12300;23377;35550;12244;23306;127;56;71
31.12.2019;130;Mecklenburg-Vorpommern;90 Jahre und mehr;15587;3755;11832;15489;3720;11769;98;35;63
31.12.2019;141;Chemnitz, Regierungsbezirk;unter 3 Jahre;-;-;-;-;-;-;-;-;-
31.12.2019;141;Chemnitz, Regierungsbezirk;3 bis unter 6 Jahre;-;-;-;-;-;-;-;-;-
31.12.2019;141;Chemnitz, Regierungsbezirk;6 bis unter 10 Jahre;-;-;-;-;-;-;-;-;-
31.12.2019;141;Chemnitz, Regierungsbezirk;10 bis unter 15 Jahre;-;-;-;-;-;-;-;-;-
31.12.2019;141;Chemnitz, Regierungsbezirk;15 bis unter 18 Jahre;-;-;-;-;-;-;-;-;-
31.12.2019;141;Chemnitz, Regierungsbezirk;18 bis unter 20 Jahre;-;-;-;-;-;-;-;-;-
31.12.2019;141;Chemnitz, Regierungsbezirk;20 bis unter 25 Jahre;-;-;-;-;-;-;-;-;-
31.12.2019;141;Chemnitz, Regierungsbezirk;25 bis unter 30 Jahre;-;-;-;-;-;-;-;-;-
31.12.2019;141;Chemnitz, Regierungsbezirk;30 bis unter 35 Jahre;-;-;-;-;-;-;-;-;-
31.12.2019;141;Chemnitz, Regierungsbezirk;35 bis unter 40 Jahre;-;-;-;-;-;-;-;-;-
31.12.2019;141;Chemnitz, Regierungsbezirk;40 bis unter 45 Jahre;-;-;-;-;-;-;-;-;-
31.12.2019;141;Chemnitz, Regierungsbezirk;45 bis unter 50 Jahre;-;-;-;-;-;-;-;-;-
31.12.2019;141;Chemnitz, Regierungsbezirk;50 bis unter 55 Jahre;-;-;-;-;-;-;-;-;-
31.12.2019;141;Chemnitz, Regierungsbezirk;55 bis unter 60 Jahre;-;-;-;-;-;-;-;-;-
31.12.2019;141;Chemnitz, Regierungsbezirk;60 bis unter 65 Jahre;-;-;-;-;-;-;-;-;-
31.12.2019;141;Chemnitz, Regierungsbezirk;65 bis unter 70 Jahre;-;-;-;-;-;-;-;-;-
31.12.2019;141;Chemnitz, Regierungsbezirk;70 bis unter 75 Jahre;-;-;-;-;-;-;-;-;-
31.12.2019;141;Chemnitz, Regierungsbezirk;75 bis unter 80 Jahre;-;-;-;-;-;-;-;-;-
31.12.2019;141;Chemnitz, Regierungsbezirk;80 bis unter 85 Jahre;-;-;-;-;-;-;-;-;-
31.12.2019;141;Chemnitz, Regierungsbezirk;85 bis unter 90 Jahre;-;-;-;-;-;-;-;-;-
31.12.2019;141;Chemnitz, Regierungsbezirk;90 Jahre und mehr;-;-;-;-;-;-;-;-;-
31.12.2019;141;Chemnitz, Regierungsbezirk;Insgesamt;-;-;-;-;-;-;-;-;-
31.12.2019;142;Dresden, Regierungsbezirk;unter 3 Jahre;-;-;-;-;-;-;-;-;-
31.12.2019;142;Dresden, Regierungsbezirk;3 bis unter 6 Jahre;-;-;-;-;-;-;-;-;-
31.12.2019;142;Dresden, Regierungsbezirk;6 bis unter 10 Jahre;-;-;-;-;-;-;-;-;-
31.12.2019;142;Dresden, Regierungsbezirk;10 bis unter 15 Jahre;-;-;-;-;-;-;-;-;-
31.12.2019;142;Dresden, Regierungsbezirk;15 bis unter 18 Jahre;-;-;-;-;-;-;-;-;-
31.12.2019;142;Dresden, Regierungsbezirk;18 bis unter 20 Jahre;-;-;-;-;-;-;-;-;-
31.12.2019;142;Dresden, Regierungsbezirk;20 bis unter 25 Jahre;-;-;-;-;-;-;-;-;-
31.12.2019;142;Dresden, Regierungsbezirk;25 bis unter 30 Jahre;-;-;-;-;-;-;-;-;-
31.12.2019;142;Dresden, Regierungsbezirk;30 bis unter 35 Jahre;-;-;-;-;-;-;-;-;-
31.12.2019;142;Dresden, Regierungsbezirk;35 bis unter 40 Jahre;-;-;-;-;-;-;-;-;-
31.12.2019;142;Dresden, Regierungsbezirk;40 bis unter 45 Jahre;-;-;-;-;-;-;-;-;-
31.12.2019;142;Dresden, Regierungsbezirk;45 bis unter 50 Jahre;-;-;-;-;-;-;-;-;-
31.12.2019;142;Dresden, Regierungsbezirk;50 bis unter 55 Jahre;-;-;-;-;-;-;-;-;-
31.12.2019;142;Dresden, Regierungsbezirk;55 bis unter 60 Jahre;-;-;-;-;-;-;-;-;-
31.12.2019;142;Dresden, Regierungsbezirk;60 bis unter 65 Jahre;-;-;-;-;-;-;-;-;-
31.12.2019;142;Dresden, Regierungsbezirk;65 bis unter 70 Jahre;-;-;-;-;-;-;-;-;-
31.12.2019;142;Dresden, Regierungsbezirk;70 bis unter 75 Jahre;-;-;-;-;-;-;-;-;-
31.12.2019;142;Dresden, Regierungsbezirk;75 bis unter 80 Jahre;-;-;-;-;-;-;-;-;-
31.12.2019;142;Dresden, Regierungsbezirk;80 bis unter 85 Jahre;-;-;-;-;-;-;-;-;-
31.12.2019;142;Dresden, Regierungsbezirk;85 bis unter 90 Jahre;-;-;-;-;-;-;-;-;-
31.12.2019;142;Dresden, Regierungsbezirk;90 Jahre und mehr;-;-;-;-;-;-;-;-;-
31.12.2019;142;Dresden, Regierungsbezirk;Insgesamt;-;-;-;-;-;-;-;-;-
31.12.2019;143;Leipzig, Regierungsbezirk;unter 3 Jahre;-;-;-;-;-;-;-;-;-
31.12.2019;143;Leipzig, Regierungsbezirk;3 bis unter 6 Jahre;-;-;-;-;-;-;-;-;-
31.12.2019;143;Leipzig, Regierungsbezirk;6 bis unter 10 Jahre;-;-;-;-;-;-;-;-;-
31.12.2019;143;Leipzig, Regierungsbezirk;10 bis unter 15 Jahre;-;-;-;-;-;-;-;-;-
31.12.2019;143;Leipzig, Regierungsbezirk;15 bis unter 18 Jahre;-;-;-;-;-;-;-;-;-
31.12.2019;143;Leipzig, Regierungsbezirk;18 bis unter 20 Jahre;-;-;-;-;-;-;-;-;-
31.12.2019;143;Leipzig, Regierungsbezirk;20 bis unter 25 Jahre;-;-;-;-;-;-;-;-;-
31.12.2019;143;Leipzig, Regierungsbezirk;25 bis unter 30 Jahre;-;-;-;-;-;-;-;-;-
31.12.2019;143;Leipzig, Regierungsbezirk;30 bis unter 35 Jahre;-;-;-;-;-;-;-;-;-
31.12.2019;143;Leipzig, Regierungsbezirk;35 bis unter 40 Jahre;-;-;-;-;-;-;-;-;-
31.12.2019;143;Leipzig, Regierungsbezirk;40 bis unter 45 Jahre;-;-;-;-;-;-;-;-;-
31.12.2019;143;Leipzig, Regierungsbezirk;45 bis unter 50 Jahre;-;-;-;-;-;-;-;-;-
31.12.2019;143;Leipzig, Regierungsbezirk;50 bis unter 55 Jahre;-;-;-;-;-;-;-;-;-
31.12.2019;143;Leipzig, Regierungsbezirk;55 bis unter 60 Jahre;-;-;-;-;-;-;-;-;-
31.12.2019;143;Leipzig, Regierungsbezirk;60 bis unter 65 Jahre;-;-;-;-;-;-;-;-;-
31.12.2019;143;Leipzig, Regierungsbezirk;65 bis unter 70 Jahre;-;-;-;-;-;-;-;-;-
31.12.2019;143;Leipzig, Regierungsbezirk;70 bis unter 75 Jahre;-;-;-;-;-;-;-;-;-
31.12.2019;143;Leipzig, Regierungsbezirk;75 bis unter 80 Jahre;-;-;-;-;-;-;-;-;-
31.12.2019;143;Leipzig, Regierungsbezirk;80 bis unter 85 Jahre;-;-;-;-;-;-;-;-;-
31.12.2019;143;Leipzig, Regierungsbezirk;85 bis unter 90 Jahre;-;-;-;-;-;-;-;-;-
31.12.2019;143;Leipzig, Regierungsbezirk;90 Jahre und mehr;-;-;-;-;-;-;-;-;-
31.12.2019;143;Leipzig, Regierungsbezirk;Insgesamt;-;-;-;-;-;-;-;-;-
31.12.2019;145;Chemnitz, Stat. Region;unter 3 Jahre;34138;17469;16669;31651;16174;15477;2487;1295;1192
31.12.2019;145;Chemnitz, Stat. Region;3 bis unter 6 Jahre;36821;18862;17959;34255;17526;16729;2566;1336;1230
31.12.2019;145;Chemnitz, Stat. Region;6 bis unter 10 Jahre;48728;25060;23668;46102;23635;22467;2626;1425;1201
31.12.2019;145;Chemnitz, Stat. Region;10 bis unter 15 Jahre;59683;30871;28812;56705;29268;27437;2978;1603;1375
31.12.2019;145;Chemnitz, Stat. Region;15 bis unter 18 Jahre;35061;17875;17186;33390;16932;16458;1671;943;728
31.12.2019;145;Chemnitz, Stat. Region;18 bis unter 20 Jahre;22785;12238;10547;21170;11101;10069;1615;1137;478
31.12.2019;145;Chemnitz, Stat. Region;20 bis unter 25 Jahre;50080;27569;22511;43103;22795;20308;6977;4774;2203
31.12.2019;145;Chemnitz, Stat. Region;25 bis unter 30 Jahre;53701;29186;24515;45130;23580;21550;8571;5606;2965
31.12.2019;145;Chemnitz, Stat. Region;30 bis unter 35 Jahre;83363;44282;39081;76428;40185;36243;6935;4097;2838
31.12.2019;145;Chemnitz, Stat. Region;35 bis unter 40 Jahre;85776;45590;40186;80355;42548;37807;5421;3042;2379
31.12.2019;145;Chemnitz, Stat. Region;40 bis unter 45 Jahre;79301;42261;37040;74851;39777;35074;4450;2484;1966
31.12.2019;145;Chemnitz, Stat. Region;45 bis unter 50 Jahre;84927;45101;39826;81211;42975;38236;3716;2126;1590
31.12.2019;145;Chemnitz, Stat. Region;50 bis unter 55 Jahre;104359;53406;50953;101470;51710;49760;2889;1696;1193
31.12.2019;145;Chemnitz, Stat. Region;55 bis unter 60 Jahre;118108;58875;59233;116056;57660;58396;2052;1215;837
31.12.2019;145;Chemnitz, Stat. Region;60 bis unter 65 Jahre;111067;53921;57146;109678;53078;56600;1389;843;546
31.12.2019;145;Chemnitz, Stat. Region;65 bis unter 70 Jahre;118006;55639;62367;117096;55075;62021;910;564;346
31.12.2019;145;Chemnitz, Stat. Region;70 bis unter 75 Jahre;76480;35224;41256;75953;34936;41017;527;288;239
31.12.2019;145;Chemnitz, Stat. Region;75 bis unter 80 Jahre;92249;40243;52006;91996;40119;51877;253;124;129
31.12.2019;145;Chemnitz, Stat. Region;80 bis unter 85 Jahre;74955;29966;44989;74699;29843;44856;256;123;133
31.12.2019;145;Chemnitz, Stat. Region;85 bis unter 90 Jahre;36897;12513;24384;36816;12471;24345;81;42;39
31.12.2019;145;Chemnitz, Stat. Region;90 Jahre und mehr;19895;4810;15085;19818;4785;15033;77;25;52
31.12.2019;146;Dresden, Stat. Region;unter 3 Jahre;43147;22124;21023;40242;20611;19631;2905;1513;1392
31.12.2019;146;Dresden, Stat. Region;3 bis unter 6 Jahre;46325;23701;22624;43390;22185;21205;2935;1516;1419
31.12.2019;146;Dresden, Stat. Region;6 bis unter 10 Jahre;60468;31050;29418;57108;29269;27839;3360;1781;1579
31.12.2019;146;Dresden, Stat. Region;10 bis unter 15 Jahre;71017;36408;34609;67434;34521;32913;3583;1887;1696
31.12.2019;146;Dresden, Stat. Region;15 bis unter 18 Jahre;39927;20388;19539;37966;19309;18657;1961;1079;882
31.12.2019;146;Dresden, Stat. Region;18 bis unter 20 Jahre;27449;14471;12978;25631;13316;12315;1818;1155;663
31.12.2019;146;Dresden, Stat. Region;20 bis unter 25 Jahre;66571;35564;31007;57603;29863;27740;8968;5701;3267
31.12.2019;146;Dresden, Stat. Region;25 bis unter 30 Jahre;70984;37781;33203;59344;30945;28399;11640;6836;4804
31.12.2019;146;Dresden, Stat. Region;30 bis unter 35 Jahre;106744;56055;50689;97052;50741;46311;9692;5314;4378
31.12.2019;146;Dresden, Stat. Region;35 bis unter 40 Jahre;104079;54614;49465;96596;50810;45786;7483;3804;3679
31.12.2019;146;Dresden, Stat. Region;40 bis unter 45 Jahre;96328;50836;45492;89837;47497;42340;6491;3339;3152
31.12.2019;146;Dresden, Stat. Region;45 bis unter 50 Jahre;93871;49741;44130;88746;46992;41754;5125;2749;2376
31.12.2019;146;Dresden, Stat. Region;50 bis unter 55 Jahre;113203;58512;54691;109394;56413;52981;3809;2099;1710
31.12.2019;146;Dresden, Stat. Region;55 bis unter 60 Jahre;127116;63909;63207;124382;62331;62051;2734;1578;1156
31.12.2019;146;Dresden, Stat. Region;60 bis unter 65 Jahre;111944;54976;56968;109907;53729;56178;2037;1247;790
31.12.2019;146;Dresden, Stat. Region;65 bis unter 70 Jahre;109497;52016;57481;108143;51193;56950;1354;823;531
31.12.2019;146;Dresden, Stat. Region;70 bis unter 75 Jahre;71798;32698;39100;70977;32269;38708;821;429;392
31.12.2019;146;Dresden, Stat. Region;75 bis unter 80 Jahre;97648;42648;55000;97250;42470;54780;398;178;220
31.12.2019;146;Dresden, Stat. Region;80 bis unter 85 Jahre;80063;33228;46835;79785;33087;46698;278;141;137
31.12.2019;146;Dresden, Stat. Region;85 bis unter 90 Jahre;38096;13842;24254;37987;13799;24188;109;43;66
31.12.2019;146;Dresden, Stat. Region;90 Jahre und mehr;20291;5153;15138;20233;5128;15105;58;25;33
31.12.2019;147;Leipzig, Stat. Region;unter 3 Jahre;30630;15639;14991;27734;14147;13587;2896;1492;1404
31.12.2019;147;Leipzig, Stat. Region;3 bis unter 6 Jahre;31300;16186;15114;28276;14609;13667;3024;1577;1447
31.12.2019;147;Leipzig, Stat. Region;6 bis unter 10 Jahre;38274;19705;18569;35256;18139;17117;3018;1566;1452
31.12.2019;147;Leipzig, Stat. Region;10 bis unter 15 Jahre;43551;22210;21341;40399;20572;19827;3152;1638;1514
31.12.2019;147;Leipzig, Stat. Region;15 bis unter 18 Jahre;24045;12365;11680;22271;11369;10902;1774;996;778
31.12.2019;147;Leipzig, Stat. Region;18 bis unter 20 Jahre;18665;9303;9362;16853;8176;8677;1812;1127;685
31.12.2019;147;Leipzig, Stat. Region;20 bis unter 25 Jahre;54270;26354;27916;46252;21648;24604;8018;4706;3312
31.12.2019;147;Leipzig, Stat. Region;25 bis unter 30 Jahre;61575;31136;30439;51143;25086;26057;10432;6050;4382
31.12.2019;147;Leipzig, Stat. Region;30 bis unter 35 Jahre;85095;44106;40989;75555;38673;36882;9540;5433;4107
31.12.2019;147;Leipzig, Stat. Region;35 bis unter 40 Jahre;76726;40402;36324;69504;36248;33256;7222;4154;3068
31.12.2019;147;Leipzig, Stat. Region;40 bis unter 45 Jahre;64572;34077;30495;58763;30841;27922;5809;3236;2573
31.12.2019;147;Leipzig, Stat. Region;45 bis unter 50 Jahre;60604;32227;28377;55780;29333;26447;4824;2894;1930
31.12.2019;147;Leipzig, Stat. Region;50 bis unter 55 Jahre;72842;37696;35146;69299;35596;33703;3543;2100;1443
31.12.2019;147;Leipzig, Stat. Region;55 bis unter 60 Jahre;78006;39395;38611;75368;37797;37571;2638;1598;1040
31.12.2019;147;Leipzig, Stat. Region;60 bis unter 65 Jahre;67183;32733;34450;65505;31755;33750;1678;978;700
31.12.2019;147;Leipzig, Stat. Region;65 bis unter 70 Jahre;64365;30299;34066;63316;29696;33620;1049;603;446
31.12.2019;147;Leipzig, Stat. Region;70 bis unter 75 Jahre;42781;19172;23609;42063;18809;23254;718;363;355
31.12.2019;147;Leipzig, Stat. Region;75 bis unter 80 Jahre;55981;24198;31783;55632;24018;31614;349;180;169
31.12.2019;147;Leipzig, Stat. Region;80 bis unter 85 Jahre;45490;18274;27216;45165;18143;27022;325;131;194
31.12.2019;147;Leipzig, Stat. Region;85 bis unter 90 Jahre;21661;7717;13944;21527;7651;13876;134;66;68
31.12.2019;147;Leipzig, Stat. Region;90 Jahre und mehr;11409;2852;8557;11336;2827;8509;73;25;48
31.12.2019;150;Sachsen-Anhalt;unter 3 Jahre;52535;26921;25614;47041;24104;22937;5494;2817;2677
31.12.2019;150;Sachsen-Anhalt;3 bis unter 6 Jahre;55881;28774;27107;50764;26086;24678;5117;2688;2429
31.12.2019;150;Sachsen-Anhalt;6 bis unter 10 Jahre;72995;37399;35596;67427;34417;33010;5568;2982;2586
31.12.2019;150;Sachsen-Anhalt;10 bis unter 15 Jahre;89369;46047;43322;83144;42714;40430;6225;3333;2892
31.12.2019;150;Sachsen-Anhalt;15 bis unter 18 Jahre;51645;26921;24724;48392;25072;23320;3253;1849;1404
31.12.2019;150;Sachsen-Anhalt;18 bis unter 20 Jahre;36226;19326;16900;32671;16952;15719;3555;2374;1181
31.12.2019;150;Sachsen-Anhalt;20 bis unter 25 Jahre;87400;46897;40503;73026;37585;35441;14374;9312;5062
31.12.2019;150;Sachsen-Anhalt;25 bis unter 30 Jahre;91359;48631;42728;75963;39102;36861;15396;9529;5867
31.12.2019;150;Sachsen-Anhalt;30 bis unter 35 Jahre;135827;71433;64394;123226;63979;59247;12601;7454;5147
31.12.2019;150;Sachsen-Anhalt;35 bis unter 40 Jahre;133661;70707;62954;123562;64960;58602;10099;5747;4352
31.12.2019;150;Sachsen-Anhalt;40 bis unter 45 Jahre;119176;63185;55991;110989;58456;52533;8187;4729;3458
31.12.2019;150;Sachsen-Anhalt;45 bis unter 50 Jahre;131907;69034;62873;125057;65073;59984;6850;3961;2889
31.12.2019;150;Sachsen-Anhalt;50 bis unter 55 Jahre;172131;87888;84243;166699;84665;82034;5432;3223;2209
31.12.2019;150;Sachsen-Anhalt;55 bis unter 60 Jahre;196242;98197;98045;192463;95842;96621;3779;2355;1424
31.12.2019;150;Sachsen-Anhalt;60 bis unter 65 Jahre;176583;86148;90435;174187;84646;89541;2396;1502;894
31.12.2019;150;Sachsen-Anhalt;65 bis unter 70 Jahre;166524;79151;87373;165118;78275;86843;1406;876;530
31.12.2019;150;Sachsen-Anhalt;70 bis unter 75 Jahre;109531;49875;59656;108688;49406;59282;843;469;374
31.12.2019;150;Sachsen-Anhalt;75 bis unter 80 Jahre;133626;58077;75549;133179;57866;75313;447;211;236
31.12.2019;150;Sachsen-Anhalt;80 bis unter 85 Jahre;107818;42768;65050;107439;42606;64833;379;162;217
31.12.2019;150;Sachsen-Anhalt;85 bis unter 90 Jahre;50253;16892;33361;50098;16810;33288;155;82;73
31.12.2019;150;Sachsen-Anhalt;90 Jahre und mehr;24093;5591;18502;23984;5551;18433;109;40;69
31.12.2019;151;Dessau, Stat. Region;unter 3 Jahre;-;-;-;-;-;-;-;-;-
31.12.2019;151;Dessau, Stat. Region;3 bis unter 6 Jahre;-;-;-;-;-;-;-;-;-
31.12.2019;151;Dessau, Stat. Region;6 bis unter 10 Jahre;-;-;-;-;-;-;-;-;-
31.12.2019;151;Dessau, Stat. Region;10 bis unter 15 Jahre;-;-;-;-;-;-;-;-;-
31.12.2019;151;Dessau, Stat. Region;15 bis unter 18 Jahre;-;-;-;-;-;-;-;-;-
31.12.2019;151;Dessau, Stat. Region;18 bis unter 20 Jahre;-;-;-;-;-;-;-;-;-
31.12.2019;151;Dessau, Stat. Region;20 bis unter 25 Jahre;-;-;-;-;-;-;-;-;-
31.12.2019;151;Dessau, Stat. Region;25 bis unter 30 Jahre;-;-;-;-;-;-;-;-;-
31.12.2019;151;Dessau, Stat. Region;30 bis unter 35 Jahre;-;-;-;-;-;-;-;-;-
31.12.2019;151;Dessau, Stat. Region;35 bis unter 40 Jahre;-;-;-;-;-;-;-;-;-
31.12.2019;151;Dessau, Stat. Region;40 bis unter 45 Jahre;-;-;-;-;-;-;-;-;-
31.12.2019;151;Dessau, Stat. Region;45 bis unter 50 Jahre;-;-;-;-;-;-;-;-;-
31.12.2019;151;Dessau, Stat. Region;50 bis unter 55 Jahre;-;-;-;-;-;-;-;-;-
31.12.2019;151;Dessau, Stat. Region;55 bis unter 60 Jahre;-;-;-;-;-;-;-;-;-
31.12.2019;151;Dessau, Stat. Region;60 bis unter 65 Jahre;-;-;-;-;-;-;-;-;-
31.12.2019;151;Dessau, Stat. Region;65 bis unter 70 Jahre;-;-;-;-;-;-;-;-;-
31.12.2019;151;Dessau, Stat. Region;70 bis unter 75 Jahre;-;-;-;-;-;-;-;-;-
31.12.2019;151;Dessau, Stat. Region;75 bis unter 80 Jahre;-;-;-;-;-;-;-;-;-
31.12.2019;151;Dessau, Stat. Region;80 bis unter 85 Jahre;-;-;-;-;-;-;-;-;-
31.12.2019;151;Dessau, Stat. Region;85 bis unter 90 Jahre;-;-;-;-;-;-;-;-;-
31.12.2019;151;Dessau, Stat. Region;90 Jahre und mehr;-;-;-;-;-;-;-;-;-
31.12.2019;151;Dessau, Stat. Region;Insgesamt;-;-;-;-;-;-;-;-;-
31.12.2019;152;Halle, Stat. Region;unter 3 Jahre;-;-;-;-;-;-;-;-;-
31.12.2019;152;Halle, Stat. Region;3 bis unter 6 Jahre;-;-;-;-;-;-;-;-;-
31.12.2019;152;Halle, Stat. Region;6 bis unter 10 Jahre;-;-;-;-;-;-;-;-;-
31.12.2019;152;Halle, Stat. Region;10 bis unter 15 Jahre;-;-;-;-;-;-;-;-;-
31.12.2019;152;Halle, Stat. Region;15 bis unter 18 Jahre;-;-;-;-;-;-;-;-;-
31.12.2019;152;Halle, Stat. Region;18 bis unter 20 Jahre;-;-;-;-;-;-;-;-;-
31.12.2019;152;Halle, Stat. Region;20 bis unter 25 Jahre;-;-;-;-;-;-;-;-;-
31.12.2019;152;Halle, Stat. Region;25 bis unter 30 Jahre;-;-;-;-;-;-;-;-;-
31.12.2019;152;Halle, Stat. Region;30 bis unter 35 Jahre;-;-;-;-;-;-;-;-;-
31.12.2019;152;Halle, Stat. Region;35 bis unter 40 Jahre;-;-;-;-;-;-;-;-;-
31.12.2019;152;Halle, Stat. Region;40 bis unter 45 Jahre;-;-;-;-;-;-;-;-;-
31.12.2019;152;Halle, Stat. Region;45 bis unter 50 Jahre;-;-;-;-;-;-;-;-;-
31.12.2019;152;Halle, Stat. Region;50 bis unter 55 Jahre;-;-;-;-;-;-;-;-;-
31.12.2019;152;Halle, Stat. Region;55 bis unter 60 Jahre;-;-;-;-;-;-;-;-;-
31.12.2019;152;Halle, Stat. Region;60 bis unter 65 Jahre;-;-;-;-;-;-;-;-;-
31.12.2019;152;Halle, Stat. Region;65 bis unter 70 Jahre;-;-;-;-;-;-;-;-;-
31.12.2019;152;Halle, Stat. Region;70 bis unter 75 Jahre;-;-;-;-;-;-;-;-;-
31.12.2019;152;Halle, Stat. Region;75 bis unter 80 Jahre;-;-;-;-;-;-;-;-;-
31.12.2019;152;Halle, Stat. Region;80 bis unter 85 Jahre;-;-;-;-;-;-;-;-;-
31.12.2019;152;Halle, Stat. Region;85 bis unter 90 Jahre;-;-;-;-;-;-;-;-;-
31.12.2019;152;Halle, Stat. Region;90 Jahre und mehr;-;-;-;-;-;-;-;-;-
31.12.2019;152;Halle, Stat. Region;Insgesamt;-;-;-;-;-;-;-;-;-
31.12.2019;153;Magdeburg, Stat. Region;unter 3 Jahre;-;-;-;-;-;-;-;-;-
31.12.2019;153;Magdeburg, Stat. Region;3 bis unter 6 Jahre;-;-;-;-;-;-;-;-;-
31.12.2019;153;Magdeburg, Stat. Region;6 bis unter 10 Jahre;-;-;-;-;-;-;-;-;-
31.12.2019;153;Magdeburg, Stat. Region;10 bis unter 15 Jahre;-;-;-;-;-;-;-;-;-
31.12.2019;153;Magdeburg, Stat. Region;15 bis unter 18 Jahre;-;-;-;-;-;-;-;-;-
31.12.2019;153;Magdeburg, Stat. Region;18 bis unter 20 Jahre;-;-;-;-;-;-;-;-;-
31.12.2019;153;Magdeburg, Stat. Region;20 bis unter 25 Jahre;-;-;-;-;-;-;-;-;-
31.12.2019;153;Magdeburg, Stat. Region;25 bis unter 30 Jahre;-;-;-;-;-;-;-;-;-
31.12.2019;153;Magdeburg, Stat. Region;30 bis unter 35 Jahre;-;-;-;-;-;-;-;-;-
31.12.2019;153;Magdeburg, Stat. Region;35 bis unter 40 Jahre;-;-;-;-;-;-;-;-;-
31.12.2019;153;Magdeburg, Stat. Region;40 bis unter 45 Jahre;-;-;-;-;-;-;-;-;-
31.12.2019;153;Magdeburg, Stat. Region;45 bis unter 50 Jahre;-;-;-;-;-;-;-;-;-
31.12.2019;153;Magdeburg, Stat. Region;50 bis unter 55 Jahre;-;-;-;-;-;-;-;-;-
31.12.2019;153;Magdeburg, Stat. Region;55 bis unter 60 Jahre;-;-;-;-;-;-;-;-;-
31.12.2019;153;Magdeburg, Stat. Region;60 bis unter 65 Jahre;-;-;-;-;-;-;-;-;-
31.12.2019;153;Magdeburg, Stat. Region;65 bis unter 70 Jahre;-;-;-;-;-;-;-;-;-
31.12.2019;153;Magdeburg, Stat. Region;70 bis unter 75 Jahre;-;-;-;-;-;-;-;-;-
31.12.2019;153;Magdeburg, Stat. Region;75 bis unter 80 Jahre;-;-;-;-;-;-;-;-;-
31.12.2019;153;Magdeburg, Stat. Region;80 bis unter 85 Jahre;-;-;-;-;-;-;-;-;-
31.12.2019;153;Magdeburg, Stat. Region;85 bis unter 90 Jahre;-;-;-;-;-;-;-;-;-
31.12.2019;153;Magdeburg, Stat. Region;90 Jahre und mehr;-;-;-;-;-;-;-;-;-
31.12.2019;153;Magdeburg, Stat. Region;Insgesamt;-;-;-;-;-;-;-;-;-
31.12.2019;160;Th�ringen;unter 3 Jahre;52515;26791;25724;47567;24204;23363;4948;2587;2361
31.12.2019;160;Th�ringen;3 bis unter 6 Jahre;56942;29259;27683;52278;26835;25443;4664;2424;2240
31.12.2019;160;Th�ringen;6 bis unter 10 Jahre;74517;38248;36269;69305;35491;33814;5212;2757;2455
31.12.2019;160;Th�ringen;10 bis unter 15 Jahre;88342;45480;42862;82628;42392;40236;5714;3088;2626
31.12.2019;160;Th�ringen;15 bis unter 18 Jahre;52149;26889;25260;49056;25120;23936;3093;1769;1324
31.12.2019;160;Th�ringen;18 bis unter 20 Jahre;35660;18651;17009;32409;16591;15818;3251;2060;1191
31.12.2019;160;Th�ringen;20 bis unter 25 Jahre;86062;45895;40167;71500;36879;34621;14562;9016;5546
31.12.2019;160;Th�ringen;25 bis unter 30 Jahre;89030;47215;41815;72694;37498;35196;16336;9717;6619
31.12.2019;160;Th�ringen;30 bis unter 35 Jahre;134367;70786;63581;121170;63237;57933;13197;7549;5648
31.12.2019;160;Th�ringen;35 bis unter 40 Jahre;135724;71943;63781;125831;66352;59479;9893;5591;4302
31.12.2019;160;Th�ringen;40 bis unter 45 Jahre;120785;63994;56791;112426;59336;53090;8359;4658;3701
31.12.2019;160;Th�ringen;45 bis unter 50 Jahre;130176;68916;61260;122951;64918;58033;7225;3998;3227
31.12.2019;160;Th�ringen;50 bis unter 55 Jahre;160832;82075;78757;155379;78993;76386;5453;3082;2371
31.12.2019;160;Th�ringen;55 bis unter 60 Jahre;185821;92921;92900;182011;90754;91257;3810;2167;1643
31.12.2019;160;Th�ringen;60 bis unter 65 Jahre;170921;84150;86771;168502;82736;85766;2419;1414;1005
31.12.2019;160;Th�ringen;65 bis unter 70 Jahre;161257;77435;83822;159791;76632;83159;1466;803;663
31.12.2019;160;Th�ringen;70 bis unter 75 Jahre;105263;48877;56386;104470;48428;56042;793;449;344
31.12.2019;160;Th�ringen;75 bis unter 80 Jahre;123533;54048;69485;123175;53852;69323;358;196;162
31.12.2019;160;Th�ringen;80 bis unter 85 Jahre;101110;40926;60184;100874;40816;60058;236;110;126
31.12.2019;160;Th�ringen;85 bis unter 90 Jahre;45792;15952;29840;45706;15907;29799;86;45;41
31.12.2019;160;Th�ringen;90 Jahre und mehr;22580;5545;17035;22512;5518;16994;68;27;41
